,CustomerID,OrderDate,Recent,frequency,totalamount,OrderStatus,PaymentMethod,City,State,cluster
0,CUST0001,2025-07-02,21,7,1903.28,2,4,8,0,0
1,CUST0002,2025-07-06,17,7,1799.24,2,3,0,1,0
2,CUST0003,2025-03-10,135,7,2250.52,1,1,2,9,2
3,CUST0004,2025-06-23,30,6,1649.59,1,3,9,4,4
4,CUST0005,2025-03-07,138,2,459.39,4,2,6,0,2
5,CUST0006,2025-05-20,64,5,1129.1399999999999,1,2,6,9,0
6,CUST0007,2025-04-22,92,3,780.6700000000001,0,3,8,9,2
7,CUST0008,2025-06-22,31,5,1256.06,4,4,8,0,0
8,CUST0009,2025-05-22,62,6,1674.52,3,3,3,7,0
9,CUST0010,2025-04-12,102,4,959.53,3,4,7,4,2
10,CUST0011,2025-06-05,48,9,2135.59,4,3,3,0,1
11,CUST0012,2025-06-23,30,4,819.6,3,2,6,4,4
12,CUST0013,2025-05-04,80,5,807.61,2,2,5,2,2
13,CUST0014,2025-06-23,30,8,2082.4,0,4,4,0,1
14,CUST0015,2025-05-05,79,4,962.75,1,3,0,4,0
15,CUST0016,2025-02-24,149,1,458.45,4,1,2,8,2
16,CUST0017,2025-07-08,15,8,1780.08,1,3,6,1,1
17,CUST0018,2025-06-07,46,4,891.3199999999999,2,2,6,7,0
18,CUST0019,2025-06-27,26,9,2047.26,3,4,4,2,1
19,CUST0020,2025-06-03,50,8,2208.03,2,4,9,4,1
20,CUST0021,2025-05-30,54,5,1334.1399999999999,1,2,1,4,3
21,CUST0022,2025-05-31,53,5,1431.6399999999999,3,1,7,7,4
22,CUST0023,2025-05-25,59,3,758.12,4,4,0,8,0
23,CUST0024,2025-06-21,32,7,1878.56,3,3,5,8,0
24,CUST0025,2025-06-07,46,3,489.33,0,4,3,4,0
25,CUST0026,2025-06-29,24,9,2490.55,1,4,5,4,1
26,CUST0027,2025-06-26,27,5,1087.78,1,3,4,7,0
27,CUST0028,2025-05-22,62,7,1729.98,2,4,3,9,0
28,CUST0029,2025-07-05,18,7,1879.5,1,0,6,0,4
29,CUST0030,2025-02-22,151,2,447.76,1,2,0,2,2
30,CUST0031,2025-07-05,18,6,901.26,1,0,1,0,3
31,CUST0032,2025-06-02,51,4,960.12,4,1,6,5,4
32,CUST0033,2025-05-27,57,5,1187.46,3,2,4,4,0
33,CUST0034,2025-06-22,31,10,1952.91,1,4,9,8,1
34,CUST0035,2025-07-01,22,7,2219.29,2,1,4,0,1
35,CUST0036,2025-07-05,18,8,3034.5,3,1,8,4,1
36,CUST0037,2025-06-02,51,2,537.06,0,0,9,2,4
37,CUST0038,2025-05-25,59,5,1251.69,1,3,5,1,0
38,CUST0039,2025-07-07,16,4,1004.12,1,2,5,3,0
39,CUST0040,2025-03-10,135,3,956.38,2,3,5,8,2
40,CUST0041,2025-07-07,16,7,2201.15,3,1,6,4,4
41,CUST0042,2025-06-27,26,6,1821.96,3,0,1,0,3
42,CUST0043,2025-06-14,39,3,1268.21,1,4,4,0,0
43,CUST0044,2025-06-28,25,7,2076.45,4,0,4,8,4
44,CUST0045,2025-07-06,17,7,1411.68,0,1,0,7,3
45,CUST0046,2025-07-04,19,2,434.65,0,0,2,6,3
46,CUST0047,2025-05-20,64,2,380.32,4,0,9,4,4
47,CUST0048,2025-06-15,38,4,1174.02,4,3,5,4,0
48,CUST0049,2025-06-14,39,6,1784.3200000000002,0,1,3,1,3
49,CUST0050,2025-07-06,17,9,2268.82,3,1,9,5,1
50,CUST0051,2025-06-18,35,3,474.79,0,2,3,9,3
51,CUST0052,2025-04-19,95,1,97.65,0,4,6,3,2
52,CUST0053,2025-03-29,116,2,351.64000000000004,2,3,1,5,2
53,CUST0054,2025-06-20,33,8,2145.21,4,1,0,0,1
54,CUST0055,2025-06-12,41,9,2539.9,2,4,8,4,1
55,CUST0056,2025-06-02,51,6,1302.74,2,0,0,9,3
56,CUST0057,2025-05-22,62,2,191.13,4,2,3,6,2
57,CUST0058,2025-04-16,98,5,1776.37,3,4,6,0,0
58,CUST0059,2025-06-15,38,6,1426.6100000000001,4,1,0,1,3
59,CUST0060,2025-07-01,22,12,2705.68,4,1,6,3,1
60,CUST0061,2025-05-27,57,6,1470.5,1,4,7,0,0
61,CUST0062,2025-05-10,74,4,565.28,3,2,2,8,2
62,CUST0063,2025-06-25,28,9,1853.55,4,1,5,0,4
63,CUST0064,2025-07-03,20,5,1749.0,2,0,1,1,3
64,CUST0065,2025-06-10,43,8,1904.6,0,2,8,3,1
65,CUST0066,2025-03-31,114,4,1754.13,3,0,5,1,2
66,CUST0067,2025-06-24,29,9,2109.0,1,2,2,3,1
67,CUST0068,2025-05-06,78,3,1020.24,4,3,8,5,2
68,CUST0069,2025-06-08,45,4,1051.15,1,3,8,9,0
69,CUST0070,2025-06-26,27,7,2415.13,0,3,7,1,1
70,CUST0071,2025-06-02,51,4,1289.21,1,1,0,0,3
71,CUST0072,2025-07-07,16,4,409.12,2,1,7,6,4
72,CUST0074,2025-05-25,59,3,882.34,1,0,0,6,3
73,CUST0075,2025-06-23,30,4,988.0400000000001,2,1,9,4,4
74,CUST0076,2025-07-01,22,7,1563.2,2,2,3,8,3
75,CUST0077,2025-06-29,24,6,1077.79,3,1,1,4,3
76,CUST0078,2025-07-07,16,3,705.03,0,0,2,3,3
77,CUST0079,2025-03-24,121,3,818.64,0,3,8,2,2
78,CUST0080,2025-06-17,36,5,1206.67,3,2,6,1,4
79,CUST0081,2025-07-07,16,10,2968.87,4,4,1,4,1
80,CUST0082,2025-06-30,23,4,1352.65,4,2,3,4,0
81,CUST0083,2025-06-19,34,6,1347.49,0,2,4,9,3
82,CUST0084,2025-06-29,24,6,1807.07,0,2,3,5,3
83,CUST0085,2025-07-03,20,8,2336.17,1,4,0,0,1
84,CUST0086,2025-07-04,19,10,2352.09,2,2,1,6,1
85,CUST0087,2025-05-24,60,5,1528.06,4,4,6,1,0
86,CUST0088,2025-07-03,20,6,1447.1100000000001,2,0,7,7,4
87,CUST0089,2025-07-02,21,4,1035.53,2,2,8,0,4
88,CUST0090,2025-06-26,27,8,1621.76,0,1,4,4,3
89,CUST0091,2025-07-06,17,11,2908.08,0,3,3,1,1
90,CUST0092,2025-06-07,46,6,1086.71,2,2,5,3,4
91,CUST0093,2025-06-23,30,3,879.7,3,2,4,2,0
92,CUST0094,2025-06-24,29,8,1905.49,3,4,6,9,0
93,CUST0095,2025-05-03,81,4,1001.96,1,2,2,4,2
94,CUST0096,2025-05-05,79,4,1155.29,3,0,9,5,4
95,CUST0097,2025-01-31,173,4,870.53,0,1,6,7,2
96,CUST0098,2025-07-03,20,5,1480.89,3,0,4,2,4
97,CUST0099,2025-05-14,70,4,1282.9,2,3,9,0,4
98,CUST0100,2025-04-12,102,3,545.0699999999999,2,3,3,5,2
99,CUST0101,2025-07-04,19,11,1769.82,0,2,3,4,1
100,CUST0102,2025-04-09,105,2,590.08,0,4,3,9,2
101,CUST0103,2025-04-17,97,6,1594.31,4,4,9,0,2
102,CUST0104,2025-06-30,23,8,2215.42,2,3,3,6,1
103,CUST0105,2025-06-22,31,5,1473.58,2,3,7,8,0
104,CUST0106,2025-07-02,21,4,582.44,0,4,9,2,0
105,CUST0107,2025-05-10,74,7,1746.86,1,2,9,9,4
106,CUST0108,2025-06-14,39,5,1695.3600000000001,3,1,8,3,4
107,CUST0109,2025-07-04,19,6,1670.49,1,3,5,6,0
108,CUST0110,2025-06-06,47,8,1872.21,2,3,5,0,1
109,CUST0111,2025-05-13,71,7,2146.13,2,1,7,4,4
110,CUST0112,2025-06-18,35,11,2781.85,2,4,7,2,1
111,CUST0113,2025-07-02,21,9,2091.32,3,0,7,7,4
112,CUST0114,2025-02-01,172,1,484.65,2,0,7,6,2
113,CUST0115,2025-05-02,82,5,1258.87,4,3,5,3,0
114,CUST0116,2025-06-02,51,3,520.63,0,0,1,0,3
115,CUST0117,2025-06-18,35,6,1815.24,2,0,5,8,3
116,CUST0118,2025-06-09,44,8,2213.24,3,2,1,4,1
117,CUST0119,2025-06-12,41,3,268.81,0,4,6,7,0
118,CUST0120,2025-06-21,32,4,1256.58,4,2,8,7,4
119,CUST0121,2025-05-26,58,7,2140.98,2,2,3,6,1
120,CUST0122,2025-04-07,107,4,1126.6299999999999,4,0,5,8,2
121,CUST0123,2025-06-30,23,8,1706.8,4,2,2,3,1
122,CUST0124,2025-07-02,21,8,2211.0,4,0,3,2,1
123,CUST0125,2025-06-14,39,8,2757.7,0,2,8,5,1
124,CUST0126,2025-06-17,36,6,1319.3,4,2,3,0,0
125,CUST0127,2025-07-05,18,7,2371.21,3,1,7,9,1
126,CUST0128,2025-06-16,37,2,659.79,1,3,5,7,0
127,CUST0129,2025-07-07,16,3,344.70000000000005,3,2,8,7,4
128,CUST0130,2025-06-09,44,8,2091.96,0,1,9,2,4
129,CUST0131,2025-07-05,18,9,2844.1099999999997,4,3,5,4,1
130,CUST0132,2025-04-10,104,3,669.9300000000001,1,1,2,2,2
131,CUST0133,2025-06-08,45,9,2574.69,1,4,7,9,1
132,CUST0134,2025-06-23,30,4,488.46999999999997,4,3,7,7,0
133,CUST0135,2025-06-12,41,7,759.94,3,0,8,6,4
134,CUST0136,2025-06-30,23,10,2625.56,0,2,0,5,1
135,CUST0137,2025-06-21,32,3,545.73,3,2,8,9,4
136,CUST0138,2025-06-18,35,10,3086.14,0,3,5,5,1
137,CUST0139,2025-06-16,37,5,1231.69,4,0,9,1,4
138,CUST0140,2025-05-25,59,5,897.25,1,0,7,9,4
139,CUST0141,2025-06-10,43,8,2096.45,0,4,0,9,1
140,CUST0142,2025-07-05,18,4,1062.58,3,4,1,3,0
141,CUST0143,2025-07-02,21,10,2822.05,0,0,4,4,1
142,CUST0144,2025-06-30,23,3,1041.66,1,0,7,4,4
143,CUST0145,2025-04-05,109,6,1320.0,1,4,6,5,2
144,CUST0146,2025-06-13,40,3,577.28,3,3,0,9,0
145,CUST0147,2025-02-07,166,2,632.99,4,4,5,9,2
146,CUST0148,2025-02-16,157,4,976.7,2,2,4,8,2
147,CUST0149,2025-06-30,23,4,1235.85,2,4,1,4,0
148,CUST0150,2025-06-29,24,10,1787.44,1,4,7,6,1
149,CUST0151,2025-05-13,71,6,1553.75,2,4,6,7,0
150,CUST0152,2025-06-16,37,7,1330.68,4,1,5,1,4
151,CUST0153,2025-05-23,61,6,2141.86,4,4,9,4,0
152,CUST0154,2025-05-31,53,6,1301.73,1,4,9,4,0
153,CUST0155,2025-02-03,170,1,287.0,2,3,3,6,2
154,CUST0156,2025-06-29,24,5,1171.18,2,3,6,2,0
155,CUST0157,2025-04-20,94,5,1655.78,3,4,4,3,0
156,CUST0158,2025-07-04,19,7,1925.01,3,2,1,6,3
157,CUST0159,2025-06-27,26,7,1933.54,1,1,7,0,4
158,CUST0160,2025-06-17,36,4,811.33,3,2,6,9,0
159,CUST0161,2025-05-25,59,5,1829.29,0,2,2,4,3
160,CUST0162,2025-06-27,26,13,2817.29,2,0,0,4,1
161,CUST0163,2025-06-13,40,5,689.55,4,4,6,8,0
162,CUST0164,2025-07-06,17,8,2125.13,2,4,1,4,1
163,CUST0165,2025-02-14,159,1,100.45,2,3,2,8,2
164,CUST0166,2025-06-28,25,6,1773.6100000000001,1,2,5,4,4
165,CUST0167,2025-07-05,18,4,925.77,0,4,1,9,0
166,CUST0168,2025-05-29,55,5,1400.93,1,3,1,2,0
167,CUST0169,2025-06-02,51,6,984.45,1,3,0,9,3
168,CUST0170,2025-06-21,32,7,1361.3,1,3,7,9,0
169,CUST0171,2025-06-28,25,7,1556.4299999999998,2,3,4,2,0
170,CUST0172,2025-05-27,57,7,1735.77,0,2,4,0,3
171,CUST0173,2025-05-18,66,4,1574.06,4,0,0,2,3
172,CUST0174,2025-06-18,35,9,2833.5299999999997,2,1,5,7,1
173,CUST0175,2025-07-06,17,6,1300.5,0,3,8,0,4
174,CUST0176,2025-06-19,34,6,1051.57,2,3,2,2,0
175,CUST0177,2025-06-22,31,4,1410.35,4,4,3,3,0
176,CUST0178,2025-06-07,46,10,2717.96,4,4,7,5,1
177,CUST0179,2025-04-22,92,8,1740.26,1,4,5,8,0
178,CUST0180,2025-03-30,115,6,933.27,0,2,4,0,2
179,CUST0181,2025-06-05,48,7,1316.6599999999999,4,1,7,3,4
180,CUST0182,2025-06-25,28,7,1806.98,3,3,9,2,4
181,CUST0183,2025-06-17,36,5,1420.01,1,1,9,2,4
182,CUST0184,2025-06-30,23,9,1898.5,1,1,9,4,4
183,CUST0185,2025-07-08,15,14,3687.24,1,4,7,2,1
184,CUST0186,2025-07-05,18,3,579.48,3,1,3,1,3
185,CUST0187,2025-06-04,49,8,2429.16,2,0,3,0,1
186,CUST0188,2025-06-02,51,6,1776.76,2,1,8,3,4
187,CUST0189,2025-05-31,53,7,1302.14,4,4,3,5,0
188,CUST0190,2025-06-04,49,3,671.27,2,1,6,3,4
189,CUST0191,2025-06-07,46,4,758.1800000000001,3,1,6,8,4
190,CUST0192,2025-07-07,16,9,1734.93,1,4,7,2,1
191,CUST0193,2025-07-05,18,6,1507.17,1,0,0,9,3
192,CUST0194,2025-06-19,34,9,2022.95,3,0,1,6,3
193,CUST0195,2025-07-06,17,6,1809.49,1,4,9,5,0
194,CUST0196,2025-07-08,15,8,1749.25,3,3,5,6,1
195,CUST0197,2025-07-08,15,7,1194.43,1,4,5,6,0
196,CUST0198,2025-07-03,20,6,2125.95,4,2,1,5,3
197,CUST0199,2025-06-15,38,11,2658.41,0,2,9,9,1
198,CUST0200,2025-06-13,40,6,1392.1799999999998,3,4,5,4,0
199,CUST0201,2025-06-14,39,6,1476.1299999999999,3,3,2,8,0
200,CUST0202,2025-06-19,34,7,1422.12,1,2,4,3,3
201,CUST0203,2025-07-06,17,8,1860.33,0,1,1,3,3
202,CUST0204,2025-05-17,67,6,1831.13,4,0,4,0,4
203,CUST0205,2025-04-17,97,7,1374.23,4,0,7,3,4
204,CUST0206,2025-07-08,15,13,3290.54,2,1,8,8,1
205,CUST0207,2025-05-15,69,5,1052.57,3,0,9,6,4
206,CUST0208,2025-06-05,48,5,957.3299999999999,2,2,1,7,3
207,CUST0209,2025-06-18,35,4,1267.07,1,2,9,4,4
208,CUST0210,2025-06-06,47,9,1358.58,1,4,5,1,0
209,CUST0211,2025-06-09,44,5,1493.02,0,2,5,9,3
210,CUST0212,2025-07-06,17,4,941.8000000000001,3,2,5,1,4
211,CUST0213,2025-06-03,50,6,1410.65,3,0,2,0,3
212,CUST0214,2025-07-03,20,5,745.5,3,2,6,5,4
213,CUST0215,2025-02-17,156,3,764.4300000000001,2,4,5,0,2
214,CUST0216,2025-06-23,30,6,2041.1100000000001,4,0,0,3,3
215,CUST0217,2025-06-26,27,3,972.6300000000001,0,0,4,1,3
216,CUST0218,2025-06-30,23,6,1178.47,3,1,9,8,4
217,CUST0219,2025-06-28,25,8,935.7,0,0,8,1,4
218,CUST0220,2025-07-08,15,8,1515.39,3,0,4,2,4
219,CUST0221,2025-06-24,29,7,1800.8,2,3,8,8,0
220,CUST0222,2025-06-23,30,7,1594.17,0,2,9,0,4
221,CUST0223,2025-04-27,87,5,1163.48,0,0,2,8,3
222,CUST0224,2025-05-16,68,10,2410.04,2,4,4,2,1
223,CUST0225,2025-05-19,65,5,1535.68,4,4,7,7,0
224,CUST0226,2025-05-17,67,5,712.85,1,3,6,8,0
225,CUST0227,2025-06-25,28,8,1235.4099999999999,3,4,7,1,0
226,CUST0228,2025-06-05,48,6,2199.42,1,4,6,9,0
227,CUST0229,2025-06-04,49,4,940.71,3,0,9,6,4
228,CUST0230,2025-06-29,24,3,871.44,4,1,0,5,3
229,CUST0231,2025-07-03,20,8,2358.94,4,0,5,5,1
230,CUST0232,2025-07-04,19,5,1591.54,4,2,9,3,4
231,CUST0233,2025-06-26,27,4,1122.19,3,2,4,1,0
232,CUST0234,2025-06-09,44,3,921.0699999999999,4,1,3,9,3
233,CUST0235,2025-07-02,21,8,1999.05,4,2,2,3,1
234,CUST0236,2025-07-02,21,5,1299.79,4,0,2,4,3
235,CUST0237,2025-07-08,15,5,1281.3799999999999,2,4,4,0,0
236,CUST0238,2025-06-24,29,6,1181.12,0,3,8,5,0
237,CUST0239,2025-07-05,18,5,1210.19,1,1,6,9,3
238,CUST0240,2025-04-11,103,1,433.65,3,2,3,5,2
239,CUST0241,2025-06-26,27,8,2867.03,0,1,4,4,1
240,CUST0242,2025-07-08,15,8,2021.5900000000001,4,0,3,3,1
241,CUST0243,2025-07-03,20,8,1194.84,0,3,0,3,3
242,CUST0244,2025-05-15,69,5,881.22,4,3,5,6,0
243,CUST0245,2025-06-10,43,4,792.05,4,3,4,9,0
244,CUST0246,2025-06-08,45,7,2359.46,1,0,6,5,4
245,CUST0247,2025-04-02,112,7,2245.2,3,4,1,5,0
246,CUST0248,2025-04-04,110,4,721.02,0,0,0,2,2
247,CUST0249,2025-04-15,99,8,2122.45,3,2,7,1,4
248,CUST0250,2025-07-04,19,9,1444.1799999999998,4,0,5,7,4
249,CUST0251,2025-04-23,91,4,958.8100000000001,0,0,8,4,2
250,CUST0252,2025-05-27,57,7,1372.83,4,3,7,5,0
251,CUST0253,2025-06-20,33,6,1811.69,4,1,9,5,4
252,CUST0254,2025-04-10,104,2,515.53,0,0,3,1,2
253,CUST0255,2025-07-07,16,8,2654.04,3,3,0,6,1
254,CUST0256,2025-06-19,34,8,1853.69,0,0,0,0,3
255,CUST0257,2025-06-11,42,2,830.21,0,0,6,2,4
256,CUST0258,2025-06-21,32,7,1228.19,4,3,0,6,0
257,CUST0259,2025-07-03,20,5,1249.09,3,3,1,3,0
258,CUST0260,2025-06-23,30,3,605.8399999999999,1,2,4,0,0
259,CUST0261,2025-06-30,23,8,2216.93,4,0,6,7,4
260,CUST0262,2025-07-07,16,11,2506.12,1,0,5,0,1
261,CUST0263,2025-07-05,18,7,1692.89,4,4,6,5,0
262,CUST0264,2025-06-11,42,3,744.36,1,1,6,4,4
263,CUST0265,2025-06-12,41,5,799.53,2,1,2,6,3
264,CUST0266,2025-06-26,27,6,2038.8400000000001,0,4,2,2,0
265,CUST0267,2025-03-29,116,4,1261.12,3,1,6,9,2
266,CUST0268,2025-06-29,24,7,2191.9700000000003,3,2,2,6,1
267,CUST0269,2025-05-23,61,4,980.1100000000001,3,4,1,0,0
268,CUST0270,2025-04-20,94,5,1265.98,1,0,8,8,2
269,CUST0271,2025-04-23,91,6,1548.75,1,4,0,5,0
270,CUST0272,2025-07-03,20,5,1365.8300000000002,4,2,3,5,0
271,CUST0273,2025-07-06,17,2,579.52,3,3,5,0,0
272,CUST0274,2025-06-28,25,10,2413.42,4,0,5,7,1
273,CUST0275,2025-02-08,165,1,427.02,2,0,6,4,2
274,CUST0276,2025-07-08,15,9,2161.5,3,4,2,1,1
275,CUST0277,2025-06-28,25,5,1204.97,4,2,5,8,0
276,CUST0278,2025-07-01,22,10,2551.22,3,2,0,4,1
277,CUST0279,2025-06-29,24,7,1206.35,1,4,8,2,0
278,CUST0280,2025-04-19,95,6,1950.42,1,2,3,5,2
279,CUST0281,2025-07-05,18,6,1866.49,0,0,1,8,3
280,CUST0282,2025-06-18,35,10,2130.26,4,0,2,5,1
281,CUST0283,2025-07-04,19,4,1171.1699999999998,4,1,2,1,3
282,CUST0284,2025-05-05,79,7,1698.51,3,4,6,5,0
283,CUST0285,2025-04-01,113,4,796.72,3,2,9,3,2
284,CUST0286,2025-07-01,22,6,1136.2,1,4,7,3,0
285,CUST0287,2025-06-19,34,9,2342.97,4,4,8,9,1
286,CUST0288,2025-06-24,29,8,2029.22,4,3,6,9,1
287,CUST0289,2025-06-01,52,2,345.88,1,0,6,5,2
288,CUST0290,2025-05-22,62,4,1667.76,1,0,8,0,4
289,CUST0291,2025-06-25,28,7,1892.76,1,1,4,5,3
290,CUST0292,2025-06-10,43,6,1431.99,3,0,0,8,3
291,CUST0293,2025-06-25,28,8,1762.77,1,0,3,0,3
292,CUST0294,2025-06-26,27,4,1250.06,3,1,7,2,4
293,CUST0295,2025-07-02,21,5,1101.96,0,1,2,9,3
294,CUST0296,2025-06-27,26,6,1962.35,0,4,9,4,0
295,CUST0297,2025-06-17,36,7,1747.98,2,1,2,1,3
296,CUST0298,2025-06-22,31,7,1735.4,0,2,6,0,4
297,CUST0299,2025-06-08,45,12,3117.9300000000003,3,2,7,6,1
298,CUST0300,2025-04-08,106,8,2470.04,3,4,9,7,1
299,CUST0301,2025-06-11,42,8,2427.19,4,0,6,0,4
300,CUST0302,2025-06-29,24,3,691.13,3,3,7,5,0
301,CUST0303,2025-06-27,26,14,3629.63,0,1,8,0,1
302,CUST0304,2025-06-17,36,10,1733.91,3,0,7,2,4
303,CUST0305,2025-07-03,20,8,1146.31,0,2,3,2,3
304,CUST0306,2025-05-07,77,7,1951.32,4,4,0,3,0
305,CUST0307,2025-05-20,64,4,1065.88,0,4,3,1,0
306,CUST0308,2025-07-04,19,7,1551.04,3,1,7,8,4
307,CUST0309,2025-07-03,20,6,717.62,1,0,8,3,4
308,CUST0310,2025-06-08,45,5,1587.33,4,3,4,1,0
309,CUST0311,2025-06-24,29,9,1729.87,2,2,8,7,1
310,CUST0312,2025-06-27,26,4,1060.92,2,4,5,8,0
311,CUST0313,2025-06-27,26,8,1409.02,4,1,7,7,4
312,CUST0314,2025-06-21,32,8,1913.36,1,0,6,7,4
313,CUST0315,2025-06-26,27,8,1840.21,4,0,1,1,3
314,CUST0316,2025-06-18,35,7,2094.95,1,1,8,1,4
315,CUST0317,2025-06-04,49,5,1322.21,3,2,5,0,4
316,CUST0318,2025-07-02,21,10,2995.0299999999997,4,2,4,4,1
317,CUST0319,2025-06-24,29,7,1419.99,2,0,5,9,3
318,CUST0320,2025-06-02,51,6,1662.53,2,2,1,9,3
319,CUST0321,2025-06-06,47,5,1045.08,0,4,2,1,0
320,CUST0322,2025-06-05,48,3,198.44,1,4,5,7,0
321,CUST0323,2025-06-07,46,5,1114.3600000000001,2,1,5,7,3
322,CUST0324,2025-02-26,147,2,458.54999999999995,0,1,9,4,2
323,CUST0325,2025-06-17,36,8,1458.21,4,3,1,8,0
324,CUST0326,2025-06-17,36,8,2543.19,3,1,1,5,1
325,CUST0327,2025-06-10,43,6,1557.11,0,0,0,4,3
326,CUST0328,2025-07-06,17,3,1038.21,2,2,2,5,3
327,CUST0329,2025-07-06,17,8,1934.65,4,0,1,5,3
328,CUST0330,2025-06-19,34,8,1717.83,1,2,2,3,3
329,CUST0331,2025-07-07,16,7,1367.57,4,4,6,2,0
330,CUST0332,2025-07-04,19,8,1823.51,4,2,6,6,1
331,CUST0333,2025-05-08,76,4,680.85,3,4,1,7,0
332,CUST0334,2025-06-27,26,8,1843.05,2,0,8,1,4
333,CUST0335,2025-06-14,39,3,548.95,1,1,6,5,4
334,CUST0336,2025-05-22,62,3,1060.36,4,4,6,5,0
335,CUST0337,2025-06-11,42,7,1644.62,0,2,2,6,3
336,CUST0338,2025-05-11,73,8,1854.1299999999999,0,0,9,2,4
337,CUST0339,2025-06-28,25,6,1982.22,3,3,1,2,0
338,CUST0340,2025-06-21,32,8,2244.24,4,3,6,4,1
339,CUST0341,2025-06-16,37,8,1901.76,2,3,3,4,1
340,CUST0342,2025-05-19,65,3,864.45,3,0,4,0,4
341,CUST0343,2025-07-05,18,10,2410.64,4,0,9,0,4
342,CUST0344,2025-06-04,49,7,1637.52,1,1,4,6,3
343,CUST0345,2025-06-14,39,12,3522.07,2,1,0,4,1
344,CUST0346,2025-04-13,101,5,1306.4099999999999,0,2,1,8,2
345,CUST0347,2025-06-25,28,5,1335.3600000000001,4,0,6,1,4
346,CUST0348,2025-05-30,54,5,1461.74,4,3,3,7,0
347,CUST0349,2025-07-07,16,6,2138.27,4,3,4,9,0
348,CUST0350,2025-06-29,24,9,2273.85,3,4,4,5,1
349,CUST0351,2025-06-01,52,6,1137.27,2,3,4,9,0
350,CUST0352,2025-05-21,63,7,2058.19,2,3,1,2,0
351,CUST0353,2025-06-28,25,6,1605.04,0,0,5,2,3
352,CUST0354,2025-06-25,28,8,2389.06,3,4,0,0,1
353,CUST0355,2025-05-10,74,4,968.97,0,2,2,8,3
354,CUST0356,2025-06-20,33,7,1528.63,0,1,6,0,4
355,CUST0357,2025-06-14,39,8,2555.7,4,1,3,4,1
356,CUST0358,2025-06-05,48,6,1663.7,3,1,6,9,4
357,CUST0359,2025-06-16,37,8,1654.76,4,0,7,6,4
358,CUST0360,2025-06-26,27,9,2008.39,1,1,4,9,1
359,CUST0361,2025-07-06,17,4,1748.82,2,1,7,4,4
360,CUST0362,2025-06-18,35,3,847.81,0,0,7,0,4
361,CUST0363,2025-05-27,57,11,3595.37,3,3,5,4,1
362,CUST0364,2025-05-24,60,11,3105.91,0,0,7,8,1
363,CUST0365,2025-07-02,21,7,1393.79,4,2,0,2,3
364,CUST0366,2025-07-07,16,6,1364.92,3,4,2,6,0
365,CUST0367,2025-04-20,94,6,1168.35,4,2,4,1,2
366,CUST0368,2025-07-01,22,10,2905.4,0,2,4,0,1
367,CUST0369,2025-05-08,76,9,2495.2,4,2,6,8,1
368,CUST0370,2025-06-16,37,7,1943.76,1,4,1,3,0
369,CUST0371,2025-04-14,100,2,432.2,0,3,2,8,2
370,CUST0372,2025-07-02,21,6,1434.78,3,3,6,0,0
371,CUST0373,2025-06-15,38,4,831.02,1,1,4,2,3
372,CUST0374,2025-06-29,24,4,1353.05,2,1,9,4,4
373,CUST0375,2025-07-03,20,10,2947.64,0,3,3,4,1
374,CUST0376,2025-05-24,60,6,1515.26,3,2,9,0,4
375,CUST0377,2025-06-26,27,7,2233.63,0,0,1,8,3
376,CUST0378,2025-05-06,78,4,393.15999999999997,1,4,7,0,2
377,CUST0379,2025-06-07,46,4,961.01,4,0,2,3,3
378,CUST0380,2025-05-01,83,4,691.72,1,0,9,4,2
379,CUST0381,2025-07-06,17,3,687.03,4,3,3,2,0
380,CUST0382,2025-06-13,40,12,2834.19,3,2,6,4,1
381,CUST0383,2025-05-18,66,7,1345.95,4,4,1,8,0
382,CUST0384,2025-06-05,48,5,1524.74,0,4,7,2,0
383,CUST0385,2025-06-24,29,7,1027.03,1,1,8,9,4
384,CUST0386,2025-07-01,22,12,3585.14,4,4,7,0,1
385,CUST0387,2025-06-10,43,4,1488.22,3,4,5,4,0
386,CUST0388,2025-07-03,20,5,927.47,2,4,1,6,0
387,CUST0389,2025-07-04,19,5,1200.67,3,1,2,4,3
388,CUST0390,2025-04-04,110,4,997.55,1,2,6,9,2
389,CUST0391,2025-04-26,88,5,896.26,4,3,3,1,2
390,CUST0392,2025-06-25,28,5,942.25,0,0,3,1,3
391,CUST0393,2025-06-18,35,6,1752.91,0,3,2,9,3
392,CUST0394,2025-06-14,39,7,2055.46,4,1,3,0,4
393,CUST0395,2025-06-22,31,8,2252.34,1,1,5,6,1
394,CUST0396,2025-06-11,42,7,1447.35,3,4,2,8,0
395,CUST0397,2025-05-01,83,5,867.77,0,3,6,1,2
396,CUST0398,2025-07-06,17,5,1186.22,0,4,4,8,0
397,CUST0399,2025-07-02,21,11,1930.8400000000001,3,0,5,3,1
398,CUST0400,2025-06-06,47,5,1307.22,4,1,0,5,3
399,CUST0401,2025-06-04,49,5,811.55,4,2,0,1,3
400,CUST0402,2025-04-22,92,4,1432.3400000000001,1,1,6,0,2
401,CUST0403,2025-06-19,34,1,223.12,2,0,7,9,4
402,CUST0404,2025-07-03,20,5,979.26,4,2,5,3,4
403,CUST0405,2025-04-20,94,4,979.6400000000001,3,2,3,0,2
404,CUST0406,2025-07-01,22,8,2458.7,3,1,8,3,1
405,CUST0407,2025-06-03,50,6,1285.55,0,3,7,4,0
406,CUST0408,2025-05-26,58,5,1259.45,3,1,6,8,4
407,CUST0409,2025-06-17,36,7,1652.03,3,1,6,3,4
408,CUST0410,2025-07-04,19,6,1182.3600000000001,3,1,1,1,3
409,CUST0411,2025-05-23,61,8,1525.1399999999999,1,4,6,5,0
410,CUST0412,2025-06-09,44,6,1169.6399999999999,1,0,1,2,3
411,CUST0413,2025-03-03,142,3,943.15,1,1,2,9,2
412,CUST0414,2025-07-01,22,7,1295.99,2,2,1,2,3
413,CUST0415,2025-06-02,51,5,1279.8899999999999,1,2,4,4,3
414,CUST0416,2025-04-29,85,4,1144.23,3,3,2,3,0
415,CUST0417,2025-07-02,21,9,1961.8200000000002,1,0,9,0,4
416,CUST0418,2025-06-17,36,3,804.31,1,4,6,0,0
417,CUST0419,2025-06-28,25,7,2030.67,3,1,1,4,3
418,CUST0420,2025-05-31,53,7,1744.94,0,3,5,7,0
419,CUST0421,2025-07-08,15,6,1509.7,1,3,3,4,0
420,CUST0422,2025-07-06,17,6,1121.26,2,2,4,6,3
421,CUST0424,2025-05-28,56,4,1316.53,0,4,5,5,0
422,CUST0425,2025-05-15,69,6,1937.56,0,0,6,6,4
423,CUST0426,2025-05-26,58,3,1136.1599999999999,2,0,0,1,3
424,CUST0427,2025-06-27,26,3,847.19,1,3,1,2,0
425,CUST0428,2025-07-03,20,4,1676.01,3,1,4,0,4
426,CUST0429,2025-07-06,17,7,2206.3,4,0,6,4,4
427,CUST0430,2025-06-24,29,5,1324.0900000000001,1,3,3,9,0
428,CUST0431,2025-06-11,42,6,2108.52,2,0,1,2,3
429,CUST0432,2025-06-21,32,8,2469.19,4,2,6,5,1
430,CUST0433,2025-02-15,158,2,830.76,1,3,8,3,2
431,CUST0434,2025-07-04,19,7,2019.15,1,2,9,7,4
432,CUST0435,2025-05-03,81,3,904.51,3,4,2,6,0
433,CUST0436,2025-07-05,18,6,1228.52,3,0,4,9,3
434,CUST0437,2025-04-11,103,5,702.25,3,4,1,4,2
435,CUST0438,2025-05-13,71,4,891.03,2,2,1,6,3
436,CUST0439,2025-06-08,45,8,2331.87,3,3,5,3,1
437,CUST0440,2025-04-29,85,5,1107.26,1,0,1,4,3
438,CUST0441,2025-06-27,26,4,1199.52,3,3,8,4,0
439,CUST0442,2025-05-25,59,3,589.3,2,3,9,4,0
440,CUST0443,2025-04-27,87,3,802.73,2,3,8,0,2
441,CUST0444,2025-06-24,29,4,1310.93,2,0,5,4,4
442,CUST0445,2025-06-05,48,9,2189.39,3,3,7,3,1
443,CUST0446,2025-07-06,17,5,1574.58,4,3,5,7,0
444,CUST0447,2025-06-11,42,8,2033.24,3,2,5,4,1
445,CUST0448,2025-05-28,56,7,2655.95,0,1,8,1,1
446,CUST0449,2025-06-20,33,12,3851.56,3,1,1,6,1
447,CUST0450,2025-07-03,20,6,2249.73,3,1,6,2,4
448,CUST0451,2025-06-05,48,5,1694.4099999999999,3,1,6,4,4
449,CUST0452,2025-06-08,45,7,1801.7,0,3,4,5,0
450,CUST0453,2025-05-07,77,3,872.99,1,1,5,0,2
451,CUST0454,2025-07-02,21,8,2315.86,3,1,5,3,1
452,CUST0455,2025-06-19,34,8,2069.15,2,3,9,3,1
453,CUST0456,2025-04-17,97,7,2069.29,2,3,5,1,0
454,CUST0457,2025-06-15,38,5,1534.42,3,4,6,4,0
455,CUST0458,2025-06-12,41,6,1988.41,1,0,6,4,4
456,CUST0459,2025-06-14,39,7,1599.4,4,3,6,0,0
457,CUST0460,2025-06-16,37,6,1192.07,2,4,3,2,0
458,CUST0461,2025-06-21,32,11,3144.52,2,0,1,4,1
459,CUST0462,2025-07-05,18,3,604.39,4,4,0,3,0
460,CUST0463,2025-07-03,20,9,1669.54,0,2,4,9,1
461,CUST0464,2025-06-13,40,5,1406.94,4,2,4,4,0
462,CUST0465,2025-07-08,15,4,1191.31,4,2,4,4,0
463,CUST0466,2025-07-03,20,7,2025.99,4,1,6,8,4
464,CUST0467,2025-07-03,20,9,2065.91,4,1,5,9,1
465,CUST0468,2025-06-04,49,3,514.1500000000001,3,2,6,9,0
466,CUST0469,2025-04-18,96,4,1180.69,2,1,9,4,2
467,CUST0470,2025-07-07,16,6,1975.13,1,1,0,5,3
468,CUST0471,2025-06-09,44,6,1481.22,4,1,4,4,4
469,CUST0472,2025-06-26,27,8,1852.62,3,2,6,6,1
470,CUST0473,2025-06-27,26,10,2492.54,3,1,3,8,1
471,CUST0474,2025-01-10,194,1,204.53,1,4,2,3,2
472,CUST0475,2025-05-29,55,6,2480.9700000000003,0,3,7,2,1
473,CUST0476,2025-05-16,68,4,467.29,3,3,6,6,0
474,CUST0477,2025-06-28,25,6,1262.8700000000001,2,4,0,3,0
475,CUST0478,2025-06-17,36,6,1529.02,2,2,3,5,3
476,CUST0479,2025-04-12,102,5,834.76,2,3,1,4,2
477,CUST0480,2025-02-01,172,2,645.84,4,0,5,9,2
478,CUST0481,2025-03-25,120,3,637.47,4,1,4,8,2
479,CUST0482,2025-06-23,30,6,1806.7,1,1,8,1,4
480,CUST0483,2025-06-13,40,4,871.8199999999999,0,1,8,8,4
481,CUST0484,2025-06-20,33,10,2263.1,2,4,6,9,1
482,CUST0485,2025-06-30,23,9,2140.17,1,2,5,4,1
483,CUST0486,2025-02-24,149,3,631.3499999999999,3,1,5,2,2
484,CUST0487,2025-06-30,23,4,844.95,3,3,8,5,0
485,CUST0488,2025-06-26,27,6,993.5899999999999,1,0,9,5,4
486,CUST0489,2025-06-27,26,3,630.61,0,1,5,3,3
487,CUST0490,2025-05-19,65,2,366.15999999999997,3,2,1,4,2
488,CUST0491,2025-07-01,22,8,1822.93,2,2,1,4,3
489,CUST0492,2025-05-30,54,5,1506.08,3,0,1,4,3
490,CUST0493,2025-06-30,23,8,2632.32,4,0,2,2,1
491,CUST0494,2025-07-06,17,5,1221.47,4,3,5,0,0
492,CUST0495,2025-04-16,98,3,1142.3,0,0,6,6,2
493,CUST0496,2025-05-19,65,7,2142.17,3,4,9,2,0
494,CUST0497,2025-07-03,20,7,893.17,1,4,3,1,0
495,CUST0498,2025-03-30,115,4,1221.25,1,1,3,8,2
496,CUST0499,2025-02-28,145,2,692.12,3,4,3,2,2
497,CUST0500,2025-07-05,18,6,2301.14,3,2,8,9,4
498,CUST0501,2025-07-06,17,6,1199.6499999999999,4,2,5,2,4
499,CUST0502,2025-04-07,107,2,480.53,4,3,8,7,2
500,CUST0503,2025-06-27,26,5,1563.36,4,0,4,4,4
501,CUST0504,2025-05-13,71,6,1409.3899999999999,4,4,1,1,0
502,CUST0505,2025-05-16,68,6,1650.78,2,0,6,2,4
503,CUST0506,2025-05-03,81,4,814.23,3,1,8,4,2
504,CUST0507,2025-06-24,29,7,1623.5700000000002,3,1,2,2,3
505,CUST0508,2025-06-22,31,6,1173.63,1,4,0,1,0
506,CUST0509,2025-06-12,41,13,2495.71,0,4,7,8,1
507,CUST0510,2025-07-06,17,11,2228.51,4,3,0,0,1
508,CUST0511,2025-07-05,18,6,1097.56,1,4,3,2,0
509,CUST0512,2025-06-12,41,7,2228.92,1,1,2,9,3
510,CUST0513,2025-06-19,34,7,2005.35,1,0,6,1,4
511,CUST0514,2025-02-17,156,1,342.1,0,0,4,7,2
512,CUST0515,2025-06-28,25,8,1961.38,2,3,6,3,1
513,CUST0516,2025-07-03,20,6,1853.67,3,4,9,6,0
514,CUST0517,2025-05-18,66,5,1625.8,2,3,0,9,0
515,CUST0518,2025-06-06,47,4,950.28,2,4,8,5,0
516,CUST0519,2025-05-26,58,4,544.1099999999999,0,4,2,7,0
517,CUST0520,2025-06-28,25,8,2089.4,2,1,2,5,1
518,CUST0521,2025-07-07,16,4,1559.82,2,3,3,4,0
519,CUST0522,2025-05-14,70,5,1130.4,1,4,2,4,0
520,CUST0523,2025-06-29,24,3,581.54,3,2,7,2,4
521,CUST0524,2025-07-07,16,5,1351.0900000000001,3,1,1,8,3
522,CUST0525,2025-06-17,36,9,1980.6799999999998,2,3,3,3,1
523,CUST0526,2025-05-12,72,5,1898.09,1,3,0,6,3
524,CUST0527,2025-06-08,45,4,796.75,4,0,6,0,4
525,CUST0528,2025-06-12,41,3,1110.68,3,1,2,7,3
526,CUST0529,2025-04-20,94,3,1342.6,0,3,2,7,2
527,CUST0530,2025-06-17,36,3,681.74,4,2,2,9,0
528,CUST0531,2025-06-06,47,4,550.14,1,2,8,2,4
529,CUST0532,2025-07-06,17,10,2538.51,4,2,9,4,1
530,CUST0533,2025-06-05,48,4,673.74,4,1,0,2,3
531,CUST0534,2025-06-14,39,9,2187.6,0,3,9,2,1
532,CUST0535,2025-06-26,27,9,2111.38,2,2,4,0,1
533,CUST0536,2025-05-22,62,5,1449.1100000000001,3,3,5,5,0
534,CUST0537,2025-06-01,52,5,1208.0,4,2,0,5,3
535,CUST0539,2025-05-20,64,8,2062.98,4,0,4,8,4
536,CUST0540,2025-05-17,67,5,959.4399999999999,4,3,9,9,0
537,CUST0541,2025-06-16,37,1,18.42,4,4,1,1,0
538,CUST0542,2025-06-08,45,9,2340.08,3,1,7,4,1
539,CUST0543,2025-06-19,34,3,873.6,2,0,6,0,4
540,CUST0544,2025-06-01,52,9,1715.75,2,2,5,2,1
541,CUST0545,2025-05-15,69,6,1038.54,3,3,6,2,0
542,CUST0546,2025-05-14,70,2,610.06,4,4,8,7,0
543,CUST0547,2025-07-04,19,4,1362.72,3,4,4,1,0
544,CUST0548,2025-06-09,44,5,1042.5,1,1,1,9,3
545,CUST0549,2025-03-26,119,2,804.4200000000001,3,1,1,6,2
546,CUST0550,2025-07-06,17,6,1206.44,1,3,9,1,4
547,CUST0551,2025-06-11,42,5,1696.85,0,2,6,1,4
548,CUST0552,2025-06-06,47,11,2379.98,2,3,4,9,1
549,CUST0553,2025-07-02,21,5,1894.1399999999999,2,4,7,1,0
550,CUST0554,2025-07-04,19,5,1348.15,2,3,0,8,0
551,CUST0555,2025-07-04,19,4,912.6700000000001,2,1,3,1,3
552,CUST0556,2025-05-12,72,7,1690.29,2,1,5,4,4
553,CUST0557,2025-04-13,101,3,785.27,0,0,6,9,2
554,CUST0558,2025-06-06,47,5,1217.5700000000002,0,1,4,4,3
555,CUST0559,2025-06-08,45,2,588.01,4,1,2,7,3
556,CUST0560,2025-05-21,63,4,878.1800000000001,2,2,6,8,2
557,CUST0561,2025-07-08,15,9,1725.08,1,3,5,1,1
558,CUST0562,2025-05-31,53,6,1154.28,3,3,6,2,0
559,CUST0563,2025-06-13,40,11,1983.82,1,3,3,8,1
560,CUST0564,2025-05-20,64,4,1169.87,2,0,8,5,4
561,CUST0565,2025-04-18,96,5,1579.34,4,2,1,1,2
562,CUST0566,2025-06-28,25,8,2005.74,1,0,0,0,3
563,CUST0567,2025-06-09,44,5,1732.03,1,3,1,9,0
564,CUST0568,2025-06-29,24,9,2434.05,0,0,1,3,1
565,CUST0569,2025-07-07,16,7,1251.25,1,2,7,7,4
566,CUST0570,2025-07-05,18,8,1890.3700000000001,0,2,0,2,3
567,CUST0571,2025-06-26,27,3,912.5899999999999,3,1,1,0,3
568,CUST0572,2025-06-28,25,8,1834.98,0,3,3,4,1
569,CUST0573,2025-07-07,16,5,1461.0,0,0,7,0,4
570,CUST0574,2025-06-30,23,6,2005.79,4,0,4,1,4
571,CUST0575,2025-06-15,38,8,2294.41,0,3,6,0,1
572,CUST0576,2025-06-29,24,4,1174.37,0,2,2,5,3
573,CUST0577,2025-06-26,27,7,2053.16,0,0,9,3,4
574,CUST0578,2025-06-03,50,6,971.64,2,3,0,7,0
575,CUST0579,2025-07-08,15,7,1429.81,2,4,8,3,0
576,CUST0580,2025-05-30,54,5,1294.2,3,1,4,9,3
577,CUST0581,2025-05-31,53,6,1584.48,4,4,3,5,0
578,CUST0582,2025-06-13,40,6,1479.85,2,3,2,2,0
579,CUST0583,2025-05-21,63,7,1757.5,3,4,2,5,0
580,CUST0584,2025-06-22,31,8,2203.93,4,2,3,5,1
581,CUST0585,2025-06-05,48,8,1942.97,0,2,8,7,1
582,CUST0586,2025-06-14,39,2,245.39,3,3,2,9,0
583,CUST0587,2025-06-08,45,3,905.23,4,1,6,1,4
584,CUST0588,2025-06-23,30,8,1802.88,4,0,6,6,4
585,CUST0589,2025-06-07,46,3,1064.1100000000001,2,3,7,5,0
586,CUST0590,2025-05-23,61,6,1920.25,3,2,1,8,3
587,CUST0591,2025-06-24,29,7,1806.42,3,2,7,6,4
588,CUST0592,2025-06-17,36,9,1736.87,2,0,6,8,4
589,CUST0593,2025-06-26,27,7,1962.3899999999999,4,4,8,3,0
590,CUST0594,2025-06-29,24,8,2730.11,4,4,1,3,1
591,CUST0595,2025-06-02,51,6,1714.55,3,2,2,1,3
592,CUST0596,2025-07-06,17,8,1743.9,4,3,5,5,1
593,CUST0597,2025-06-01,52,7,2006.83,0,1,7,4,4
594,CUST0598,2025-07-05,18,2,635.6600000000001,0,0,3,1,3
595,CUST0599,2025-05-18,66,2,694.31,3,4,4,7,0
596,CUST0600,2025-06-22,31,3,773.0999999999999,3,0,7,8,4
597,CUST0601,2025-06-24,29,5,1015.12,3,0,4,9,3
598,CUST0602,2025-05-25,59,6,1138.8899999999999,0,4,5,2,0
599,CUST0603,2025-06-27,26,6,775.6099999999999,3,4,3,0,0
600,CUST0604,2025-04-30,84,2,105.52000000000001,2,3,4,5,2
601,CUST0605,2025-06-15,38,8,2220.42,3,1,5,0,1
602,CUST0606,2025-06-08,45,7,1635.93,1,1,7,7,4
603,CUST0607,2025-06-22,31,4,640.32,0,1,9,3,4
604,CUST0608,2025-03-03,142,1,114.53,1,1,7,2,2
605,CUST0609,2025-06-20,33,3,970.86,2,4,0,4,0
606,CUST0610,2025-07-06,17,7,2133.39,3,4,0,3,0
607,CUST0612,2025-06-11,42,4,1229.41,0,1,5,0,3
608,CUST0613,2025-05-23,61,3,1064.88,0,3,7,3,0
609,CUST0614,2025-06-16,37,8,1505.82,3,0,9,8,4
610,CUST0615,2025-07-07,16,11,2704.95,1,3,3,6,1
611,CUST0616,2025-05-09,75,9,2565.6800000000003,2,4,2,3,1
612,CUST0617,2025-06-12,41,10,2460.32,2,4,0,1,1
613,CUST0618,2025-07-08,15,7,2200.89,2,4,5,7,1
614,CUST0619,2025-05-06,78,7,1451.0,1,0,9,8,4
615,CUST0620,2025-06-22,31,5,1924.06,3,0,1,4,3
616,CUST0621,2025-06-12,41,10,2062.95,0,0,2,4,1
617,CUST0622,2025-07-08,15,10,2405.74,0,3,5,1,1
618,CUST0623,2025-05-30,54,5,1374.98,1,1,8,0,4
619,CUST0624,2025-06-29,24,5,900.98,1,1,2,1,3
620,CUST0625,2025-05-23,61,1,89.28,3,3,4,3,2
621,CUST0626,2025-07-02,21,6,1246.96,3,2,2,8,3
622,CUST0627,2025-06-22,31,2,603.62,0,2,0,8,3
623,CUST0628,2025-07-03,20,9,1860.09,2,0,9,7,4
624,CUST0629,2025-06-24,29,5,1104.22,0,4,9,2,0
625,CUST0630,2025-04-11,103,3,858.53,4,4,5,1,2
626,CUST0631,2025-06-22,31,8,2119.41,1,3,8,2,1
627,CUST0632,2025-07-02,21,5,1273.55,4,4,3,8,0
628,CUST0633,2025-06-20,33,7,1531.53,3,1,6,6,4
629,CUST0634,2025-07-04,19,4,1074.98,3,2,5,4,0
630,CUST0635,2025-07-07,16,5,1215.4199999999998,1,1,2,5,3
631,CUST0636,2025-07-02,21,9,2447.98,2,2,9,5,1
632,CUST0637,2025-05-22,62,8,1805.25,3,4,7,8,0
633,CUST0638,2025-06-15,38,4,953.48,3,0,7,4,4
634,CUST0639,2025-06-18,35,5,1949.8600000000001,4,2,4,8,0
635,CUST0640,2025-06-28,25,4,1139.91,3,4,3,6,0
636,CUST0641,2025-06-27,26,1,335.9,0,4,3,4,0
637,CUST0642,2025-06-23,30,11,3604.79,4,3,8,9,1
638,CUST0643,2025-06-14,39,9,2651.14,3,4,7,9,1
639,CUST0644,2025-06-22,31,13,2372.4,3,1,6,7,1
640,CUST0645,2025-07-03,20,9,2201.57,3,0,9,0,4
641,CUST0646,2025-07-05,18,8,2387.17,3,0,8,0,4
642,CUST0647,2025-07-01,22,4,1061.71,2,0,8,9,4
643,CUST0648,2025-06-19,34,5,1437.3899999999999,1,2,7,3,4
644,CUST0649,2025-06-29,24,5,782.64,3,1,9,3,4
645,CUST0650,2025-06-27,26,7,1635.22,2,0,8,1,4
646,CUST0651,2025-07-04,19,6,980.61,0,2,9,1,4
647,CUST0652,2025-06-27,26,7,2262.26,4,1,0,7,3
648,CUST0653,2025-07-05,18,7,2233.7,0,3,6,5,1
649,CUST0654,2025-06-06,47,7,2034.35,1,0,6,9,4
650,CUST0655,2025-04-20,94,4,1104.73,3,0,6,7,2
651,CUST0656,2025-05-31,53,5,1162.43,4,0,6,8,4
652,CUST0657,2025-05-19,65,12,2655.44,0,1,0,7,1
653,CUST0658,2025-03-31,114,5,836.64,4,2,7,9,2
654,CUST0659,2025-06-24,29,4,1250.6299999999999,0,3,6,6,0
655,CUST0660,2025-07-07,16,5,1107.31,4,1,4,3,4
656,CUST0661,2025-06-19,34,6,1269.76,0,3,3,9,0
657,CUST0662,2025-06-12,41,5,776.85,4,2,6,5,4
658,CUST0663,2025-06-30,23,6,1552.3400000000001,2,3,7,6,0
659,CUST0664,2025-06-21,32,6,1148.24,4,2,8,1,4
660,CUST0665,2025-07-05,18,11,3167.7200000000003,2,0,6,2,1
661,CUST0666,2025-07-06,17,5,1110.3400000000001,1,0,1,6,3
662,CUST0667,2025-04-23,91,7,1604.73,3,1,6,7,4
663,CUST0668,2025-07-07,16,7,1632.94,4,4,4,4,0
664,CUST0669,2025-06-24,29,4,888.98,0,4,0,6,0
665,CUST0670,2025-06-02,51,5,1673.28,1,4,8,8,0
666,CUST0671,2025-05-27,57,4,817.77,3,2,2,2,0
667,CUST0672,2025-04-22,92,6,2042.79,1,2,9,0,4
668,CUST0673,2025-07-04,19,6,1235.12,3,2,8,3,4
669,CUST0674,2025-06-14,39,7,1405.1,1,0,1,7,3
670,CUST0675,2025-06-01,52,5,1793.33,1,3,7,8,0
671,CUST0676,2025-07-07,16,6,1428.46,2,0,3,6,3
672,CUST0677,2025-07-02,21,4,1161.39,1,0,4,4,3
673,CUST0678,2025-06-16,37,7,1813.51,0,2,6,1,4
674,CUST0679,2025-06-22,31,11,3079.73,0,0,1,6,1
675,CUST0680,2025-06-29,24,10,2451.34,0,0,7,1,1
676,CUST0681,2025-07-07,16,8,1849.44,2,1,7,3,4
677,CUST0682,2025-04-08,106,4,1238.8999999999999,1,0,6,3,2
678,CUST0683,2025-07-08,15,11,2820.6,2,0,4,0,1
679,CUST0684,2025-05-27,57,6,1288.26,0,4,6,7,0
680,CUST0685,2025-07-07,16,6,1143.78,4,2,3,4,0
681,CUST0686,2025-06-30,23,6,1399.98,1,0,2,5,3
682,CUST0687,2025-06-27,26,8,1952.36,0,0,1,4,3
683,CUST0688,2025-06-18,35,8,1594.23,3,1,2,7,3
684,CUST0689,2025-06-14,39,5,1323.71,3,0,6,3,4
685,CUST0690,2025-06-21,32,5,1544.26,1,4,0,1,0
686,CUST0691,2025-06-30,23,10,3279.9,4,4,2,1,1
687,CUST0692,2025-07-08,15,10,2652.25,1,2,6,8,1
688,CUST0693,2025-06-04,49,6,1907.56,4,3,0,5,0
689,CUST0694,2025-07-01,22,6,1805.73,2,2,4,1,4
690,CUST0695,2025-05-30,54,4,1604.21,0,2,9,4,4
691,CUST0696,2025-07-04,19,3,626.15,1,2,1,9,3
692,CUST0697,2025-06-24,29,9,2624.55,1,0,4,0,1
693,CUST0698,2025-07-02,21,6,1122.39,2,1,4,9,3
694,CUST0699,2025-06-07,46,4,969.8199999999999,4,1,6,5,4
695,CUST0700,2025-06-11,42,9,1854.36,1,0,4,2,1
696,CUST0701,2025-05-08,76,4,839.93,0,4,6,9,0
697,CUST0702,2025-06-06,47,7,2020.3500000000001,3,0,0,2,3
698,CUST0703,2025-06-30,23,7,1777.9,0,0,0,3,3
699,CUST0704,2025-06-15,38,6,1968.2,0,1,1,5,3
700,CUST0705,2025-06-29,24,10,2182.81,2,2,7,9,1
701,CUST0706,2025-07-06,17,7,1497.3,4,0,7,2,4
702,CUST0707,2025-06-29,24,8,2329.98,1,0,9,2,4
703,CUST0708,2025-06-02,51,3,1435.52,3,3,0,4,0
704,CUST0709,2025-06-22,31,7,1790.18,0,4,2,2,0
705,CUST0710,2025-07-01,22,4,1601.73,1,0,6,4,4
706,CUST0711,2025-06-27,26,6,1751.1100000000001,2,2,5,1,4
707,CUST0712,2025-06-12,41,5,1390.55,4,1,7,6,4
708,CUST0713,2025-06-27,26,3,1326.28,2,1,1,5,3
709,CUST0714,2025-05-21,63,10,2892.15,1,4,8,8,1
710,CUST0715,2025-05-24,60,3,928.31,2,3,4,4,0
711,CUST0716,2025-06-10,43,1,465.93,0,2,2,0,3
712,CUST0717,2025-06-22,31,5,1152.0,2,3,0,5,0
713,CUST0718,2025-06-15,38,2,500.63,3,1,6,2,4
714,CUST0719,2025-07-01,22,4,1643.0900000000001,1,1,2,8,3
715,CUST0720,2025-06-07,46,8,2012.54,2,3,6,9,1
716,CUST0721,2025-06-24,29,9,2636.08,3,3,4,9,1
717,CUST0722,2025-05-31,53,5,1285.97,1,1,5,9,3
718,CUST0723,2025-06-17,36,7,2473.86,0,0,7,9,1
719,CUST0724,2025-05-12,72,3,313.45,4,0,6,6,2
720,CUST0725,2025-07-01,22,8,2496.79,2,3,9,7,1
721,CUST0726,2025-04-24,90,7,1025.89,2,4,0,1,0
722,CUST0727,2025-06-13,40,5,1152.47,1,3,4,0,0
723,CUST0728,2025-04-17,97,3,460.75,2,1,3,6,2
724,CUST0729,2025-05-04,80,7,1008.93,0,2,3,9,3
725,CUST0730,2025-05-13,71,2,857.29,2,0,0,0,3
726,CUST0731,2025-05-26,58,3,876.8399999999999,4,0,5,8,4
727,CUST0732,2025-06-30,23,9,2359.74,3,1,0,3,1
728,CUST0733,2025-07-08,15,8,1999.84,4,3,3,9,1
729,CUST0734,2025-06-21,32,9,2290.94,2,4,9,9,1
730,CUST0735,2025-05-13,71,4,1319.09,2,3,7,0,0
731,CUST0736,2025-05-25,59,6,1185.37,3,0,2,9,3
732,CUST0737,2025-07-07,16,5,1242.86,3,3,7,4,0
733,CUST0738,2025-07-07,16,10,2977.33,2,4,3,6,1
734,CUST0739,2025-05-27,57,8,2628.79,4,3,2,0,1
735,CUST0740,2025-06-20,33,11,3473.55,3,1,9,2,1
736,CUST0741,2025-06-28,25,12,2976.4,0,2,4,8,1
737,CUST0742,2025-06-22,31,6,1285.0800000000002,0,1,7,6,4
738,CUST0743,2025-05-20,64,2,239.46,0,2,8,3,2
739,CUST0744,2025-06-22,31,3,582.8399999999999,3,1,6,1,4
740,CUST0745,2025-06-16,37,8,2503.11,1,0,5,5,1
741,CUST0746,2025-07-06,17,7,1435.3700000000001,4,2,8,6,4
742,CUST0747,2025-05-29,55,5,1731.78,4,3,4,8,0
743,CUST0748,2025-06-24,29,4,943.79,3,0,4,5,3
744,CUST0749,2025-06-13,40,6,1311.98,3,1,2,7,3
745,CUST0750,2025-06-24,29,6,1312.12,0,4,3,8,0
746,CUST0751,2025-06-10,43,6,1381.92,1,4,7,0,0
747,CUST0752,2025-06-22,31,5,1378.48,4,1,3,8,3
748,CUST0753,2025-06-05,48,7,2167.68,4,1,9,9,4
749,CUST0754,2025-06-28,25,6,978.69,3,0,6,5,4
750,CUST0755,2025-06-28,25,7,1891.22,0,1,5,3,3
751,CUST0756,2025-05-27,57,8,1655.24,2,2,9,5,4
752,CUST0757,2025-06-20,33,7,1718.22,0,0,4,9,3
753,CUST0758,2025-03-03,142,3,641.29,3,2,5,4,2
754,CUST0759,2025-07-07,16,5,953.1400000000001,1,0,6,3,4
755,CUST0760,2025-06-24,29,4,1187.03,4,1,8,2,4
756,CUST0761,2025-06-18,35,5,962.6500000000001,0,4,3,4,0
757,CUST0762,2025-06-23,30,8,1295.48,4,1,7,5,4
758,CUST0763,2025-06-15,38,5,1420.11,3,4,6,4,0
759,CUST0764,2025-06-19,34,8,2018.6,1,4,7,8,1
760,CUST0765,2025-07-06,17,12,2734.61,3,0,4,6,1
761,CUST0766,2025-07-05,18,6,1424.27,0,4,1,7,0
762,CUST0767,2025-06-27,26,7,1837.59,0,0,3,1,3
763,CUST0768,2025-07-01,22,5,987.86,1,0,8,5,4
764,CUST0769,2025-06-11,42,8,2202.23,2,1,8,0,4
765,CUST0770,2025-05-19,65,4,1472.4099999999999,0,0,4,8,3
766,CUST0771,2025-05-06,78,7,2931.61,3,3,3,4,1
767,CUST0772,2025-05-27,57,4,1527.94,4,0,3,9,3
768,CUST0773,2025-06-20,33,5,1699.1,1,4,8,7,0
769,CUST0774,2025-06-09,44,8,1300.13,1,0,3,7,3
770,CUST0775,2025-06-19,34,7,2027.5600000000002,0,1,1,5,3
771,CUST0776,2025-06-27,26,4,1173.83,2,3,2,8,0
772,CUST0777,2025-06-26,27,8,1833.45,0,3,5,5,1
773,CUST0778,2025-06-23,30,8,1496.28,4,2,6,4,4
774,CUST0779,2025-06-20,33,7,1647.42,2,0,0,2,3
775,CUST0780,2025-05-24,60,4,1025.62,0,4,9,6,0
776,CUST0781,2025-06-27,26,11,2399.76,0,4,3,4,1
777,CUST0782,2025-06-15,38,14,4222.77,3,4,0,5,1
778,CUST0783,2025-06-04,49,5,1457.62,1,2,8,7,4
779,CUST0784,2025-07-04,19,10,2983.73,3,4,1,7,1
780,CUST0785,2025-05-19,65,7,1405.64,4,2,5,8,0
781,CUST0786,2025-07-01,22,8,1975.42,4,3,9,6,4
782,CUST0787,2025-06-26,27,12,2467.43,3,2,5,1,1
783,CUST0788,2025-07-03,20,8,2496.37,3,4,3,7,1
784,CUST0789,2025-07-01,22,9,1515.07,4,0,5,9,4
785,CUST0790,2025-05-22,62,6,1281.49,0,4,6,4,0
786,CUST0791,2025-03-21,124,6,1474.93,4,1,6,8,2
787,CUST0792,2025-06-08,45,4,1152.03,1,0,8,3,4
788,CUST0793,2025-06-17,36,3,1268.48,2,4,7,5,0
789,CUST0794,2025-05-24,60,5,1069.15,3,3,2,3,0
790,CUST0795,2025-06-06,47,6,2109.2799999999997,1,0,9,6,4
791,CUST0796,2025-07-08,15,5,968.79,0,0,2,1,3
792,CUST0797,2025-07-04,19,5,1370.71,3,1,2,5,3
793,CUST0798,2025-07-07,16,7,1022.5799999999999,4,0,8,6,4
794,CUST0799,2025-06-27,26,10,3038.58,0,0,3,0,1
795,CUST0800,2025-07-02,21,7,1726.34,1,0,3,7,3
796,CUST0801,2025-06-15,38,9,2102.0299999999997,0,4,2,4,1
797,CUST0802,2025-06-18,35,7,2173.29,4,3,6,2,1
798,CUST0803,2025-06-24,29,5,542.71,4,1,6,4,4
799,CUST0804,2025-02-04,169,1,302.94,4,1,5,7,2
800,CUST0805,2025-06-09,44,7,1205.12,2,4,9,9,0
801,CUST0806,2025-06-27,26,9,2132.48,3,0,5,8,1
802,CUST0807,2025-06-08,45,7,1953.31,1,4,6,9,0
803,CUST0808,2025-05-12,72,6,1431.49,0,0,0,3,3
804,CUST0809,2025-06-08,45,13,3165.31,3,4,3,4,1
805,CUST0810,2025-06-29,24,6,1791.19,4,1,1,8,3
806,CUST0811,2025-06-21,32,9,2387.21,2,2,0,3,1
807,CUST0812,2025-06-25,28,6,1556.44,4,0,7,2,4
808,CUST0813,2025-06-23,30,4,864.55,2,0,1,9,3
809,CUST0814,2025-06-14,39,6,1726.3899999999999,1,2,3,1,3
810,CUST0815,2025-06-20,33,8,2750.9,1,3,0,4,1
811,CUST0816,2025-06-23,30,10,2349.34,1,4,5,2,1
812,CUST0817,2025-06-05,48,7,1704.62,3,2,9,5,4
813,CUST0818,2025-06-11,42,5,1518.01,4,0,3,6,3
814,CUST0819,2025-05-24,60,6,1650.2,2,1,7,1,4
815,CUST0820,2025-07-02,21,4,1267.37,2,4,0,6,0
816,CUST0821,2025-07-03,20,8,1518.01,1,2,1,7,3
817,CUST0822,2025-03-05,140,5,1157.12,1,1,5,5,2
818,CUST0823,2025-04-19,95,3,270.57,0,3,9,3,2
819,CUST0824,2025-06-12,41,5,1121.49,4,2,7,5,4
820,CUST0825,2025-07-05,18,9,2282.77,4,1,6,2,1
821,CUST0826,2025-07-07,16,7,1603.46,1,3,9,8,4
822,CUST0827,2025-07-01,22,6,849.25,1,2,0,0,3
823,CUST0828,2025-06-08,45,6,1535.6799999999998,4,2,2,7,0
824,CUST0829,2025-05-16,68,2,425.08,1,3,1,4,0
825,CUST0830,2025-05-11,73,5,1261.45,4,2,8,2,4
826,CUST0831,2025-06-08,45,5,1367.46,3,4,6,5,0
827,CUST0832,2025-05-22,62,7,1984.77,0,4,1,3,0
828,CUST0833,2025-07-07,16,7,1780.04,0,0,2,3,3
829,CUST0834,2025-06-11,42,6,1190.48,3,0,2,1,3
830,CUST0835,2025-07-04,19,13,3356.3199999999997,3,4,0,6,1
831,CUST0836,2025-05-13,71,1,60.61,0,3,5,8,2
832,CUST0837,2025-05-15,69,3,597.31,0,1,1,5,3
833,CUST0838,2025-05-27,57,4,959.53,0,3,2,9,0
834,CUST0839,2025-06-05,48,5,1320.67,3,4,2,6,0
835,CUST0840,2025-07-05,18,5,697.68,0,2,6,2,4
836,CUST0841,2025-05-09,75,6,1293.6799999999998,4,2,1,4,0
837,CUST0842,2025-07-05,18,8,1604.02,2,4,0,0,0
838,CUST0843,2025-07-03,20,3,722.15,0,1,5,6,3
839,CUST0844,2025-06-30,23,3,1192.4,2,0,3,9,3
840,CUST0845,2025-06-21,32,8,1897.75,0,4,3,6,1
841,CUST0846,2025-06-21,32,10,3241.69,1,0,3,1,1
842,CUST0847,2025-07-02,21,11,2512.31,3,4,4,0,1
843,CUST0848,2025-06-24,29,7,2131.29,2,0,1,4,3
844,CUST0849,2025-07-02,21,7,1340.73,0,0,0,4,3
845,CUST0850,2025-05-05,79,6,1007.34,4,3,1,0,0
846,CUST0851,2025-06-09,44,6,1849.92,2,0,8,0,4
847,CUST0852,2025-07-03,20,6,2305.17,1,4,0,6,0
848,CUST0853,2025-07-03,20,9,2410.62,4,1,6,3,1
849,CUST0854,2025-06-27,26,6,1938.8,4,1,9,6,4
850,CUST0855,2025-05-02,82,3,593.32,4,1,7,2,2
851,CUST0856,2025-06-24,29,5,1699.09,4,4,1,9,0
852,CUST0857,2025-06-30,23,8,2459.17,2,0,2,4,1
853,CUST0858,2025-06-27,26,6,1715.51,1,3,7,5,0
854,CUST0859,2025-06-03,50,6,1317.98,0,0,9,3,4
855,CUST0860,2025-07-08,15,12,4258.91,1,2,2,9,1
856,CUST0861,2025-07-04,19,5,1244.94,3,2,4,4,0
857,CUST0862,2025-06-07,46,6,1625.99,4,1,7,2,4
858,CUST0863,2025-04-24,90,2,768.21,0,0,6,7,2
859,CUST0864,2025-05-28,56,4,799.01,3,4,8,7,0
860,CUST0865,2025-05-19,65,6,1590.31,1,1,7,2,4
861,CUST0866,2025-07-02,21,7,1704.2,2,3,8,1,4
862,CUST0867,2025-07-02,21,11,2786.2799999999997,3,4,5,3,1
863,CUST0868,2025-02-09,164,1,48.4,3,1,7,7,2
864,CUST0869,2025-04-29,85,8,2881.09,2,1,8,1,1
865,CUST0870,2025-05-30,54,1,48.67,0,0,0,9,3
866,CUST0871,2025-06-26,27,9,1472.27,1,0,7,7,4
867,CUST0872,2025-06-22,31,5,998.76,4,3,6,1,0
868,CUST0873,2025-06-22,31,12,3697.66,4,1,0,7,1
869,CUST0874,2025-06-08,45,9,2035.78,1,0,9,3,4
870,CUST0875,2025-07-06,17,5,1518.82,4,2,8,6,4
871,CUST0876,2025-05-13,71,6,1743.15,1,4,1,6,0
872,CUST0877,2025-05-30,54,5,1304.69,4,2,9,6,4
873,CUST0878,2025-05-03,81,4,702.48,1,0,8,1,2
874,CUST0879,2025-06-26,27,6,1615.85,1,2,6,3,4
875,CUST0880,2025-06-11,42,8,1614.38,2,4,6,1,0
876,CUST0881,2025-06-22,31,11,2490.87,2,0,8,6,1
877,CUST0882,2025-06-21,32,7,2400.4,2,0,9,4,4
878,CUST0883,2025-06-05,48,4,1108.51,1,1,5,2,4
879,CUST0884,2025-05-03,81,4,1338.51,4,1,0,9,3
880,CUST0885,2025-06-15,38,3,736.0899999999999,0,2,3,0,3
881,CUST0886,2025-07-03,20,3,1044.49,2,4,5,6,0
882,CUST0887,2025-06-02,51,6,2169.54,2,2,3,8,3
883,CUST0888,2025-06-15,38,8,1967.5700000000002,0,1,4,5,1
884,CUST0889,2025-05-24,60,3,1135.8,3,3,9,7,0
885,CUST0890,2025-05-15,69,2,687.61,1,3,5,8,2
886,CUST0891,2025-04-23,91,6,1477.0500000000002,1,4,3,7,0
887,CUST0892,2025-06-28,25,9,2272.76,0,0,1,7,3
888,CUST0893,2025-06-28,25,7,1229.94,2,2,1,9,3
889,CUST0894,2025-06-12,41,7,1408.75,3,1,5,5,4
890,CUST0895,2025-06-06,47,2,213.28,2,3,5,5,0
891,CUST0896,2025-07-05,18,5,679.86,0,1,4,4,3
892,CUST0897,2025-06-13,40,7,1723.63,4,4,8,6,0
893,CUST0898,2025-05-07,77,6,2422.4300000000003,4,3,6,4,0
894,CUST0899,2025-06-01,52,6,1104.48,0,0,9,0,4
895,CUST0900,2025-06-18,35,8,2037.32,3,3,6,5,1
896,CUST0901,2025-06-23,30,6,1529.83,1,1,8,9,4
897,CUST0902,2025-06-28,25,10,2454.84,2,2,6,3,1
898,CUST0903,2025-06-13,40,5,526.56,0,0,6,1,4
899,CUST0904,2025-07-05,18,5,1131.65,4,1,6,4,4
900,CUST0905,2025-06-30,23,5,1213.41,3,2,7,4,4
901,CUST0906,2025-07-04,19,5,1905.0,4,1,7,9,4
902,CUST0907,2025-03-12,133,5,1222.04,4,1,6,6,2
903,CUST0908,2025-06-21,32,7,2221.33,1,0,7,6,4
904,CUST0909,2025-04-17,97,6,1333.01,1,2,5,9,2
905,CUST0910,2025-07-05,18,8,1490.38,0,1,8,1,4
906,CUST0911,2025-05-20,64,3,665.75,0,3,9,4,2
907,CUST0912,2025-06-19,34,5,1611.96,2,2,7,1,4
908,CUST0913,2025-05-10,74,2,511.66,3,2,8,9,2
909,CUST0914,2025-07-05,18,7,1334.6399999999999,1,3,5,7,0
910,CUST0915,2025-07-03,20,5,1212.6399999999999,4,1,0,9,3
911,CUST0916,2025-07-03,20,4,1184.69,4,3,9,0,4
912,CUST0917,2025-06-26,27,4,1388.21,4,4,6,1,0
913,CUST0919,2025-06-02,51,3,1079.62,4,2,3,8,0
914,CUST0920,2025-07-01,22,7,1680.85,1,3,8,1,4
915,CUST0921,2025-04-26,88,9,1884.54,0,1,4,5,1
916,CUST0922,2025-06-23,30,7,2393.08,2,3,4,2,1
917,CUST0923,2025-06-19,34,8,2301.76,1,1,2,1,1
918,CUST0924,2025-06-12,41,4,858.31,3,1,6,8,4
919,CUST0925,2025-06-30,23,6,1641.8400000000001,4,3,6,2,0
920,CUST0926,2025-05-28,56,3,617.19,1,4,7,3,0
921,CUST0927,2025-05-26,58,7,1029.49,3,0,2,9,3
922,CUST0928,2025-06-27,26,3,952.86,3,3,5,7,0
923,CUST0929,2025-05-24,60,8,1659.58,4,4,7,8,0
924,CUST0930,2025-07-05,18,7,975.94,0,1,9,6,4
925,CUST0931,2025-06-07,46,6,2019.8899999999999,0,1,8,5,4
926,CUST0932,2025-07-02,21,8,1911.9099999999999,4,1,1,2,3
927,CUST0933,2025-07-07,16,6,1808.3600000000001,2,0,0,4,3
928,CUST0934,2025-06-11,42,1,192.87,4,4,2,1,0
929,CUST0935,2025-07-06,17,9,2267.79,0,4,2,2,1
930,CUST0936,2025-06-10,43,5,1637.3899999999999,1,1,6,4,4
931,CUST0937,2025-06-24,29,8,2619.29,0,3,4,8,1
932,CUST0938,2025-06-08,45,6,1073.31,4,0,3,6,3
933,CUST0939,2025-05-21,63,6,1492.39,0,0,9,7,4
934,CUST0940,2025-06-23,30,6,1132.36,2,4,1,6,0
935,CUST0941,2025-06-21,32,10,2863.02,1,3,1,9,1
936,CUST0942,2025-06-17,36,5,1708.1100000000001,0,1,5,6,3
937,CUST0943,2025-06-20,33,9,2572.45,2,0,6,7,1
938,CUST0944,2025-06-26,27,11,2767.1800000000003,3,1,3,0,1
939,CUST0945,2025-06-09,44,5,871.76,1,4,4,2,0
940,CUST0946,2025-05-08,76,3,841.21,3,0,6,8,2
941,CUST0947,2025-07-06,17,6,1542.85,3,3,1,3,0
942,CUST0948,2025-07-08,15,8,1603.01,1,1,5,3,4
943,CUST0949,2025-04-25,89,4,1013.4200000000001,4,0,9,5,2
944,CUST0950,2025-06-20,33,4,1314.03,1,1,6,8,4
945,CUST0951,2025-06-20,33,6,1200.35,4,0,1,1,3
946,CUST0952,2025-06-01,52,9,2798.22,3,4,3,6,1
947,CUST0953,2025-06-20,33,8,2815.53,2,2,2,6,1
948,CUST0954,2025-02-05,168,1,288.06,0,0,6,6,2
949,CUST0955,2025-05-28,56,3,847.54,2,0,4,1,3
950,CUST0956,2025-06-07,46,5,1549.54,0,0,0,3,3
951,CUST0957,2025-06-27,26,8,2286.16,0,0,8,9,1
952,CUST0958,2025-06-20,33,3,663.62,1,4,2,1,0
953,CUST0959,2025-05-03,81,3,779.06,2,4,7,9,2
954,CUST0960,2025-06-29,24,4,716.51,2,1,5,9,3
955,CUST0961,2025-05-05,79,5,1292.98,3,0,4,8,3
956,CUST0962,2025-06-28,25,8,2296.42,4,2,5,3,1
957,CUST0963,2025-04-26,88,5,1613.35,0,3,6,0,2
958,CUST0964,2025-07-02,21,8,1549.38,1,3,6,8,0
959,CUST0965,2025-02-06,167,3,628.52,2,2,2,7,2
960,CUST0966,2025-06-05,48,3,936.9200000000001,0,2,6,7,0
961,CUST0967,2025-05-22,62,5,1140.99,4,4,1,8,0
962,CUST0968,2025-06-30,23,4,911.5699999999999,3,2,9,1,4
963,CUST0969,2025-07-06,17,5,1204.17,1,4,1,3,0
964,CUST0970,2025-07-03,20,11,3579.2,1,1,7,8,1
965,CUST0971,2025-06-19,34,8,1513.8,0,0,1,9,3
966,CUST0972,2025-06-12,41,5,1077.46,4,3,7,9,0
967,CUST0973,2025-06-14,39,7,1951.1599999999999,0,1,8,9,4
968,CUST0974,2025-06-29,24,9,2894.5299999999997,3,2,5,5,1
969,CUST0975,2025-06-27,26,8,2056.63,1,2,4,9,1
970,CUST0976,2025-06-14,39,8,1656.29,2,4,6,0,0
971,CUST0977,2025-07-08,15,7,2021.7,4,1,3,3,1
972,CUST0978,2025-04-05,109,5,1086.52,0,2,0,8,2
973,CUST0979,2025-07-05,18,5,1475.82,1,1,7,1,4
974,CUST0980,2025-04-16,98,4,1518.3400000000001,1,3,8,1,2
975,CUST0981,2025-05-21,63,8,1957.92,0,2,1,9,3
976,CUST0982,2025-07-02,21,8,1361.9,3,1,2,0,3
977,CUST0983,2025-06-28,25,6,1460.6399999999999,0,4,1,4,0
978,CUST0984,2025-06-18,35,4,977.22,0,2,6,6,0
979,CUST0985,2025-06-17,36,4,1310.0900000000001,1,2,9,4,4
980,CUST0986,2025-07-03,20,5,1771.46,0,1,6,5,4
981,CUST0987,2025-04-27,87,4,1395.53,2,1,3,6,2
982,CUST0988,2025-07-03,20,4,989.41,2,2,1,1,3
983,CUST0989,2025-07-03,20,4,824.81,0,1,1,9,3
984,CUST0990,2025-06-27,26,7,1998.66,0,0,3,0,3
985,CUST0991,2025-07-01,22,6,2040.83,3,4,6,2,0
986,CUST0992,2025-06-02,51,7,1633.24,2,3,1,0,0
987,CUST0993,2025-06-08,45,4,552.7,2,3,9,4,0
988,CUST0994,2025-05-23,61,4,1096.21,4,3,9,0,4
989,CUST0995,2025-06-24,29,5,1247.8200000000002,3,4,2,1,0
990,CUST0996,2025-04-14,100,4,911.02,1,1,5,6,2
991,CUST0997,2025-04-02,112,7,1477.4699999999998,2,1,8,4,2
992,CUST0998,2025-05-05,79,3,1203.58,4,0,6,4,2
993,CUST0999,2025-06-23,30,12,3386.2,1,2,9,7,1
994,CUST1000,2025-06-28,25,2,455.1,1,3,1,4,0
995,CUST1001,2025-06-12,41,8,1509.8899999999999,4,2,1,1,3
996,CUST1002,2025-06-16,37,6,1193.15,0,2,9,1,4
997,CUST1003,2025-07-03,20,2,481.93,1,1,2,3,3
998,CUST1004,2025-06-27,26,8,2320.33,1,1,2,5,1
999,CUST1005,2025-07-01,22,8,1328.82,3,2,6,9,4
1000,CUST1006,2025-06-05,48,6,1543.24,0,1,4,6,3
1001,CUST1007,2025-05-24,60,5,1529.47,2,0,6,9,4
1002,CUST1008,2025-06-23,30,9,2100.5299999999997,2,2,6,3,1
1003,CUST1009,2025-06-17,36,4,851.7099999999999,2,1,2,6,3
1004,CUST1010,2025-02-20,153,3,1317.81,1,0,5,3,2
1005,CUST1011,2025-03-28,117,3,429.89,3,2,2,0,2
1006,CUST1012,2025-07-05,18,5,1991.25,4,0,8,9,4
1007,CUST1013,2025-06-17,36,9,2930.02,2,0,5,4,1
1008,CUST1014,2025-06-10,43,7,1781.05,2,2,6,9,4
1009,CUST1015,2025-07-05,18,10,1869.96,1,1,2,3,1
1010,CUST1016,2025-05-24,60,5,1353.76,3,2,4,4,0
1011,CUST1017,2025-06-21,32,7,1565.68,0,0,7,3,4
1012,CUST1018,2025-05-21,63,6,2482.8,1,2,3,4,1
1013,CUST1019,2025-06-26,27,9,2057.62,4,3,5,3,1
1014,CUST1020,2025-06-23,30,7,1716.95,1,0,6,0,4
1015,CUST1021,2025-06-09,44,7,2621.18,3,1,5,0,1
1016,CUST1022,2025-06-18,35,6,1435.12,2,1,5,9,3
1017,CUST1023,2025-07-04,19,6,1261.94,3,3,3,2,0
1018,CUST1024,2025-06-30,23,6,1096.1399999999999,0,3,4,0,0
1019,CUST1025,2025-06-13,40,6,1187.28,2,1,3,8,3
1020,CUST1026,2025-05-23,61,5,1599.58,3,1,8,1,4
1021,CUST1027,2025-05-10,74,4,790.6800000000001,1,3,4,4,0
1022,CUST1028,2025-05-10,74,3,449.8,4,4,5,6,0
1023,CUST1029,2025-07-07,16,9,2254.62,0,3,0,9,1
1024,CUST1030,2025-03-12,133,5,2253.9,0,4,6,4,2
1025,CUST1031,2025-03-19,126,5,1487.07,1,3,6,7,2
1026,CUST1032,2025-06-24,29,6,1295.83,1,4,1,2,0
1027,CUST1033,2025-05-04,80,3,325.14,1,3,8,8,2
1028,CUST1034,2025-01-25,179,2,715.6,0,0,3,1,2
1029,CUST1035,2025-06-23,30,7,1401.46,1,0,0,0,3
1030,CUST1036,2025-06-11,42,5,1277.58,2,4,6,6,0
1031,CUST1037,2025-06-27,26,5,987.74,2,4,6,8,0
1032,CUST1038,2025-05-07,77,1,91.31,0,0,3,3,2
1033,CUST1039,2025-06-28,25,10,2358.68,3,4,5,1,1
1034,CUST1040,2025-07-05,18,9,2238.79,2,2,5,0,1
1035,CUST1041,2025-06-05,48,4,997.76,2,2,3,8,3
1036,CUST1042,2025-05-20,64,6,1697.88,4,2,9,5,4
1037,CUST1043,2025-05-23,61,3,524.1899999999999,4,1,8,0,4
1038,CUST1044,2025-05-31,53,5,1072.21,0,4,1,7,0
1039,CUST1045,2025-06-12,41,1,105.01,4,4,5,7,0
1040,CUST1046,2025-06-14,39,7,1389.87,3,2,5,7,0
1041,CUST1047,2025-06-04,49,5,1009.01,3,4,7,1,0
1042,CUST1048,2025-07-04,19,7,1491.19,4,1,7,1,4
1043,CUST1049,2025-07-05,18,3,760.0799999999999,2,3,3,4,0
1044,CUST1050,2025-06-14,39,7,2179.58,2,1,8,4,4
1045,CUST1051,2025-04-15,99,5,1311.91,1,0,0,3,3
1046,CUST1052,2025-07-04,19,7,2284.88,0,4,0,3,1
1047,CUST1053,2025-05-17,67,7,886.45,3,3,5,9,0
1048,CUST1054,2025-05-31,53,3,574.73,3,3,9,0,4
1049,CUST1055,2025-05-13,71,4,1241.49,4,2,8,4,4
1050,CUST1056,2025-07-08,15,6,1807.29,3,1,1,3,3
1051,CUST1057,2025-06-07,46,4,1287.71,0,4,0,4,0
1052,CUST1058,2025-06-29,24,8,1862.06,1,1,2,8,3
1053,CUST1059,2025-06-28,25,10,2434.63,0,3,1,4,1
1054,CUST1060,2025-04-23,91,2,572.47,3,0,6,2,2
1055,CUST1061,2025-06-27,26,5,1599.6100000000001,3,4,8,1,0
1056,CUST1062,2025-05-27,57,3,1081.34,2,1,1,1,3
1057,CUST1063,2025-05-20,64,10,2617.85,1,3,3,6,1
1058,CUST1064,2025-07-04,19,4,903.85,3,3,0,9,0
1059,CUST1065,2025-07-06,17,9,2377.69,1,4,7,4,1
1060,CUST1066,2025-07-07,16,8,2591.53,1,2,3,1,1
1061,CUST1067,2025-06-06,47,6,1095.56,4,3,6,2,0
1062,CUST1068,2025-05-17,67,6,1056.03,2,0,3,6,3
1063,CUST1069,2025-04-04,110,5,1592.3,3,3,5,4,2
1064,CUST1070,2025-06-19,34,6,1620.2,2,3,3,0,0
1065,CUST1071,2025-04-30,84,3,507.87,4,2,6,0,2
1066,CUST1072,2025-06-16,37,6,2182.56,1,1,5,2,4
1067,CUST1073,2025-06-21,32,2,786.4200000000001,3,0,8,6,4
1068,CUST1074,2025-06-13,40,6,1357.19,4,2,8,3,4
1069,CUST1075,2025-06-06,47,6,1565.21,3,3,9,3,4
1070,CUST1076,2025-06-16,37,8,1913.8799999999999,4,3,8,4,4
1071,CUST1077,2025-06-10,43,8,1898.9099999999999,0,4,6,1,1
1072,CUST1078,2025-05-05,79,4,1363.45,4,3,2,5,0
1073,CUST1079,2025-05-08,76,6,1612.64,3,0,0,8,3
1074,CUST1080,2025-05-31,53,3,647.78,2,4,8,6,0
1075,CUST1081,2025-05-18,66,5,1440.7,3,0,0,7,3
1076,CUST1082,2025-07-07,16,3,397.15,4,0,3,3,3
1077,CUST1083,2025-07-03,20,4,880.6999999999999,4,4,3,6,0
1078,CUST1084,2025-07-01,22,7,1752.85,2,4,8,9,0
1079,CUST1085,2025-06-26,27,6,1106.6399999999999,4,3,2,1,0
1080,CUST1086,2025-06-26,27,4,1339.25,2,2,4,4,0
1081,CUST1087,2025-06-25,28,11,2571.59,4,4,9,4,1
1082,CUST1088,2025-05-19,65,10,2207.44,3,3,8,2,1
1083,CUST1089,2025-06-12,41,4,792.66,2,2,8,5,4
1084,CUST1090,2025-07-03,20,7,1551.42,4,3,9,4,4
1085,CUST1091,2025-06-07,46,6,1428.83,3,2,8,7,4
1086,CUST1092,2025-07-06,17,7,2003.29,4,3,8,4,4
1087,CUST1093,2025-04-28,86,7,1505.7,0,0,0,8,3
1088,CUST1094,2025-07-02,21,6,1740.68,4,3,7,8,0
1089,CUST1095,2025-07-01,22,5,1407.0900000000001,3,1,3,6,3
1090,CUST1096,2025-07-02,21,4,1503.62,4,3,1,6,0
1091,CUST1097,2025-06-28,25,8,2249.66,0,1,5,4,1
1092,CUST1098,2025-06-02,51,4,867.25,0,0,9,8,4
1093,CUST1099,2025-07-08,15,4,920.45,0,0,7,1,4
1094,CUST1100,2025-06-08,45,7,1650.06,0,4,0,3,0
1095,CUST1101,2025-07-04,19,9,1503.84,3,1,7,1,4
1096,CUST1102,2025-06-12,41,4,1408.21,1,0,5,9,3
1097,CUST1103,2025-06-25,28,3,839.77,1,3,7,1,0
1098,CUST1104,2025-06-08,45,5,848.84,1,3,6,9,0
1099,CUST1105,2025-07-05,18,11,3314.88,3,3,3,4,1
1100,CUST1106,2025-04-02,112,6,2104.97,1,4,3,8,2
1101,CUST1107,2025-06-23,30,7,1155.8899999999999,4,3,6,0,0
1102,CUST1108,2025-06-17,36,5,1044.58,4,4,0,4,0
1103,CUST1109,2025-06-19,34,9,2611.69,4,2,6,9,1
1104,CUST1110,2025-06-01,52,6,1244.67,3,2,5,8,0
1105,CUST1111,2025-06-26,27,6,1687.71,0,1,4,3,3
1106,CUST1112,2025-07-08,15,6,1511.26,3,1,8,4,4
1107,CUST1113,2025-05-17,67,6,1637.26,2,4,5,3,0
1108,CUST1114,2025-05-07,77,5,1238.17,1,2,9,0,4
1109,CUST1115,2025-05-15,69,3,668.71,3,2,4,0,2
1110,CUST1116,2025-05-21,63,4,1367.6399999999999,0,0,9,1,4
1111,CUST1117,2025-06-17,36,3,512.5,4,0,8,1,4
1112,CUST1118,2025-06-17,36,5,1242.71,4,2,8,1,4
1113,CUST1119,2025-06-22,31,9,2294.3,2,2,0,3,1
1114,CUST1120,2025-06-08,45,7,1322.67,4,0,5,0,4
1115,CUST1121,2025-06-14,39,5,1123.58,0,3,9,1,4
1116,CUST1122,2025-06-17,36,6,1624.23,1,0,5,9,3
1117,CUST1123,2025-06-15,38,8,2462.15,0,1,6,8,1
1118,CUST1124,2025-07-07,16,4,1163.8,0,3,3,2,0
1119,CUST1125,2025-07-05,18,5,1098.6,2,2,7,2,4
1120,CUST1126,2025-05-12,72,8,1618.26,4,0,8,8,4
1121,CUST1127,2025-05-09,75,3,700.3499999999999,3,4,5,3,0
1122,CUST1128,2025-07-06,17,11,2017.1399999999999,4,2,7,4,1
1123,CUST1129,2025-06-16,37,6,1571.03,3,0,0,2,3
1124,CUST1130,2025-07-08,15,15,3140.39,2,3,2,3,1
1125,CUST1131,2025-07-02,21,8,1479.37,0,0,4,2,3
1126,CUST1132,2025-06-22,31,8,2151.58,3,0,1,7,3
1127,CUST1133,2025-06-23,30,11,2473.23,4,4,5,1,1
1128,CUST1134,2025-07-08,15,7,1844.04,4,0,9,5,4
1129,CUST1135,2025-07-01,22,9,2165.62,2,1,7,5,1
1130,CUST1136,2025-04-03,111,4,945.03,3,1,9,0,2
1131,CUST1137,2025-05-30,54,5,1279.06,4,2,5,8,0
1132,CUST1138,2025-06-18,35,6,1736.83,3,0,6,6,4
1133,CUST1139,2025-05-26,58,3,1237.35,2,3,7,1,0
1134,CUST1140,2025-06-18,35,4,919.4399999999999,3,2,3,1,0
1135,CUST1141,2025-04-03,111,5,843.75,1,0,8,6,2
1136,CUST1142,2025-07-08,15,3,865.39,4,4,8,7,0
1137,CUST1143,2025-07-08,15,3,1006.29,0,3,0,8,3
1138,CUST1144,2025-06-08,45,11,3391.99,0,2,0,3,1
1139,CUST1145,2025-07-04,19,9,2708.2999999999997,3,0,4,5,1
1140,CUST1146,2025-07-08,15,4,984.87,0,4,3,0,0
1141,CUST1147,2025-06-26,27,5,1932.54,2,0,6,8,4
1142,CUST1148,2025-05-30,54,6,2184.11,0,3,9,5,4
1143,CUST1149,2025-07-04,19,7,1754.52,4,2,3,8,0
1144,CUST1150,2025-05-29,55,5,1664.71,0,1,0,6,3
1145,CUST1151,2025-07-01,22,9,2560.99,3,0,5,8,1
1146,CUST1152,2025-05-03,81,4,1108.25,1,4,7,6,0
1147,CUST1153,2025-05-10,74,3,1149.73,3,2,5,3,2
1148,CUST1154,2025-05-30,54,8,1675.21,4,4,6,0,0
1149,CUST1155,2025-05-09,75,9,2308.61,0,0,4,7,1
1150,CUST1156,2025-06-22,31,3,761.11,1,3,6,8,0
1151,CUST1157,2025-06-25,28,6,1302.6100000000001,1,0,1,2,3
1152,CUST1158,2025-05-26,58,4,1018.3499999999999,4,3,3,8,0
1153,CUST1159,2025-05-24,60,6,1406.6299999999999,2,4,8,7,0
1154,CUST1160,2025-05-06,78,5,1913.76,1,1,8,9,4
1155,CUST1161,2025-06-29,24,3,1136.49,0,3,5,9,0
1156,CUST1162,2025-06-29,24,6,1182.9,2,0,1,3,3
1157,CUST1163,2025-05-17,67,3,430.75,3,4,0,6,0
1158,CUST1164,2025-06-28,25,5,1356.48,2,3,5,7,0
1159,CUST1165,2025-06-25,28,7,1330.82,4,0,0,2,3
1160,CUST1166,2025-06-17,36,12,2950.7,0,4,4,4,1
1161,CUST1167,2025-05-26,58,4,1078.24,0,1,9,4,4
1162,CUST1168,2025-07-02,21,7,2244.78,4,0,9,2,4
1163,CUST1169,2025-06-18,35,5,1314.1100000000001,3,1,6,5,4
1164,CUST1170,2025-06-13,40,5,1285.05,3,0,8,5,4
1165,CUST1171,2025-05-10,74,6,1327.2,2,1,4,3,3
1166,CUST1172,2025-05-04,80,9,2466.9,2,4,9,4,1
1167,CUST1173,2025-05-29,55,8,2023.5,1,3,4,5,1
1168,CUST1174,2025-03-27,118,5,1234.76,1,0,8,7,2
1169,CUST1175,2025-04-07,107,4,996.24,2,1,9,9,2
1170,CUST1176,2025-04-18,96,7,1673.4,0,0,7,8,2
1171,CUST1177,2025-05-14,70,6,1566.48,1,2,1,8,3
1172,CUST1178,2025-04-28,86,3,390.15000000000003,2,2,2,4,2
1173,CUST1179,2025-06-30,23,9,1699.6399999999999,4,3,6,9,1
1174,CUST1180,2025-04-27,87,6,2228.26,1,1,6,7,4
1175,CUST1181,2025-06-20,33,7,1675.8500000000001,3,0,1,1,3
1176,CUST1182,2025-06-26,27,7,1697.84,2,4,2,4,0
1177,CUST1183,2025-06-28,25,10,2994.27,1,0,8,7,1
1178,CUST1184,2025-05-19,65,7,1762.55,4,2,5,4,4
1179,CUST1185,2025-06-15,38,3,907.97,1,2,9,6,4
1180,CUST1186,2025-02-26,147,1,276.73,3,0,8,6,2
1181,CUST1187,2025-05-30,54,8,1954.1999999999998,0,4,5,4,1
1182,CUST1188,2025-06-25,28,4,1125.9099999999999,1,4,1,4,0
1183,CUST1189,2025-07-05,18,4,1285.35,2,0,6,6,4
1184,CUST1190,2025-06-08,45,6,1024.71,3,0,0,4,3
1185,CUST1191,2025-07-06,17,4,1155.84,4,0,5,4,4
1186,CUST1192,2025-06-04,49,4,1115.6,3,0,2,9,3
1187,CUST1193,2025-05-04,80,3,551.02,4,1,6,4,2
1188,CUST1194,2025-06-29,24,7,1660.92,1,4,1,6,0
1189,CUST1195,2025-05-26,58,2,311.69,2,1,2,4,3
1190,CUST1196,2025-05-12,72,5,1662.43,4,4,4,3,0
1191,CUST1197,2025-06-11,42,5,1651.86,1,4,3,2,0
1192,CUST1198,2025-06-27,26,7,1385.45,4,2,3,4,0
1193,CUST1199,2025-03-24,121,3,660.27,2,2,8,8,2
1194,CUST1200,2025-06-14,39,3,498.68,1,2,7,6,0
1195,CUST1201,2025-07-03,20,12,2418.0099999999998,1,1,2,8,1
1196,CUST1202,2025-06-18,35,7,1503.0700000000002,0,0,6,2,4
1197,CUST1203,2025-06-27,26,7,1832.54,3,4,0,6,0
1198,CUST1204,2025-03-05,140,7,2064.86,2,3,9,6,2
1199,CUST1205,2025-05-28,56,7,836.1400000000001,2,3,0,4,0
1200,CUST1206,2025-03-14,131,6,2193.7,4,0,3,9,2
1201,CUST1207,2025-07-04,19,7,1908.06,0,4,5,8,0
1202,CUST1208,2025-06-01,52,8,2214.95,3,3,0,2,1
1203,CUST1209,2025-07-06,17,3,847.14,3,3,1,1,0
1204,CUST1210,2025-05-06,78,10,3111.41,1,1,2,5,1
1205,CUST1211,2025-06-26,27,6,1438.72,4,0,0,0,3
1206,CUST1212,2025-06-26,27,5,845.39,4,4,4,8,0
1207,CUST1213,2025-06-24,29,4,1131.87,2,0,7,5,4
1208,CUST1214,2025-06-16,37,5,936.8399999999999,2,3,5,5,0
1209,CUST1215,2025-07-08,15,7,1408.47,3,0,8,5,4
1210,CUST1216,2025-06-09,44,12,2887.61,3,2,6,4,1
1211,CUST1217,2025-05-27,57,10,3180.82,1,3,7,8,1
1212,CUST1218,2025-05-20,64,4,767.96,2,2,9,4,4
1213,CUST1219,2025-05-25,59,5,1223.34,4,4,7,0,0
1214,CUST1220,2025-06-20,33,6,1509.54,1,1,4,4,3
1215,CUST1221,2025-06-16,37,7,1524.94,4,2,1,5,3
1216,CUST1222,2025-06-26,27,5,1155.12,2,3,6,9,0
1217,CUST1223,2025-07-01,22,3,393.13,2,2,8,8,4
1218,CUST1224,2025-06-28,25,3,618.03,1,2,4,0,0
1219,CUST1225,2025-04-05,109,4,1086.47,2,1,4,9,2
1220,CUST1226,2025-06-17,36,5,1270.58,1,1,2,2,3
1221,CUST1227,2025-07-03,20,5,812.63,0,4,2,0,0
1222,CUST1228,2025-06-17,36,4,914.56,1,0,9,6,4
1223,CUST1229,2025-06-11,42,12,2115.05,4,0,0,1,1
1224,CUST1230,2025-06-12,41,7,1640.63,3,3,4,5,0
1225,CUST1231,2025-04-21,93,3,685.75,4,3,7,1,2
1226,CUST1232,2025-06-08,45,8,2027.01,1,2,4,4,1
1227,CUST1233,2025-07-05,18,7,1504.76,1,2,3,9,3
1228,CUST1234,2025-06-25,28,6,1737.23,3,3,5,3,0
1229,CUST1235,2025-06-18,35,5,888.5799999999999,1,2,3,0,3
1230,CUST1236,2025-06-15,38,10,2380.2599999999998,2,3,7,2,1
1231,CUST1237,2025-05-30,54,3,1212.22,3,1,9,9,4
1232,CUST1238,2025-06-18,35,5,1584.8600000000001,2,4,3,4,0
1233,CUST1239,2025-06-15,38,10,2666.32,0,3,2,9,1
1234,CUST1240,2025-06-07,46,8,1881.31,0,2,2,2,3
1235,CUST1241,2025-07-06,17,7,1639.41,3,0,6,2,4
1236,CUST1242,2025-06-29,24,5,1837.73,3,2,7,4,4
1237,CUST1243,2025-07-05,18,8,1493.0500000000002,2,1,8,6,4
1238,CUST1244,2025-04-04,110,5,1104.7,3,3,8,2,2
1239,CUST1245,2025-03-30,115,6,1623.89,0,0,4,7,2
1240,CUST1246,2025-05-29,55,3,885.22,4,3,2,7,0
1241,CUST1247,2025-06-28,25,8,2508.95,2,3,2,5,1
1242,CUST1248,2025-05-21,63,6,1313.8700000000001,1,3,2,3,0
1243,CUST1249,2025-06-14,39,6,1351.31,1,1,4,4,3
1244,CUST1250,2025-07-07,16,6,1662.09,0,3,2,2,3
1245,CUST1251,2025-07-07,16,5,1725.2,3,1,6,8,4
1246,CUST1252,2025-03-31,114,4,1076.56,1,2,6,7,2
1247,CUST1253,2025-07-01,22,7,1963.6599999999999,3,4,6,9,0
1248,CUST1254,2025-06-10,43,8,2286.0299999999997,3,1,0,3,1
1249,CUST1255,2025-07-05,18,3,886.64,3,3,2,4,0
1250,CUST1256,2025-03-21,124,4,904.94,3,3,3,6,2
1251,CUST1257,2025-04-13,101,5,1561.6,4,0,5,8,2
1252,CUST1258,2025-06-16,37,10,2458.01,4,4,6,8,1
1253,CUST1259,2025-06-02,51,3,849.45,0,0,4,6,3
1254,CUST1260,2025-07-03,20,8,1962.34,1,1,2,4,3
1255,CUST1261,2025-04-18,96,5,1424.82,1,0,6,2,2
1256,CUST1262,2025-02-25,148,4,492.46000000000004,3,0,2,7,2
1257,CUST1263,2025-07-06,17,9,2695.67,0,4,2,2,1
1258,CUST1264,2025-06-30,23,6,1453.54,1,2,1,1,3
1259,CUST1265,2025-06-05,48,3,863.16,3,2,7,8,4
1260,CUST1266,2025-06-26,27,9,1575.83,0,0,4,3,3
1261,CUST1267,2025-07-02,21,10,1930.23,2,2,4,8,1
1262,CUST1268,2025-06-29,24,3,615.59,2,0,5,0,4
1263,CUST1269,2025-06-01,52,3,521.21,4,2,6,2,4
1264,CUST1270,2025-06-03,50,8,2670.22,1,1,8,2,1
1265,CUST1271,2025-06-15,38,6,2085.7,0,2,6,7,1
1266,CUST1272,2025-06-15,38,7,1371.1599999999999,4,2,2,3,0
1267,CUST1273,2025-03-23,122,2,307.37,0,0,9,4,2
1268,CUST1274,2025-05-28,56,6,1373.49,2,4,0,2,0
1269,CUST1275,2025-05-24,60,3,955.45,2,0,4,7,3
1270,CUST1276,2025-04-28,86,7,2315.75,0,0,6,9,3
1271,CUST1277,2025-07-05,18,5,1190.29,2,4,8,1,0
1272,CUST1278,2025-04-02,112,2,558.24,3,4,8,8,2
1273,CUST1279,2025-06-22,31,4,855.0799999999999,3,4,7,0,0
1274,CUST1280,2025-06-08,45,7,1755.02,1,3,0,1,3
1275,CUST1281,2025-07-05,18,10,2348.99,3,4,4,3,1
1276,CUST1282,2025-05-07,77,3,458.74,3,4,0,9,0
1277,CUST1283,2025-06-17,36,6,1936.58,0,3,7,7,0
1278,CUST1284,2025-07-05,18,11,2619.71,2,4,8,7,1
1279,CUST1285,2025-06-17,36,8,1493.3,4,4,7,2,0
1280,CUST1286,2025-06-13,40,6,1287.78,0,1,2,9,3
1281,CUST1287,2025-07-03,20,11,2757.35,3,1,1,1,1
1282,CUST1288,2025-04-18,96,1,359.19,4,3,4,8,2
1283,CUST1289,2025-03-26,119,4,1055.57,3,4,6,0,2
1284,CUST1290,2025-06-16,37,9,2821.7,0,2,6,0,1
1285,CUST1291,2025-07-03,20,8,1978.24,0,2,6,6,1
1286,CUST1292,2025-07-07,16,4,1156.44,0,0,0,5,3
1287,CUST1293,2025-05-26,58,11,3218.66,3,0,6,2,1
1288,CUST1294,2025-05-04,80,4,1368.72,1,0,0,8,3
1289,CUST1295,2025-04-28,86,4,869.16,3,2,7,0,2
1290,CUST1296,2025-05-10,74,3,942.62,4,3,7,4,2
1291,CUST1297,2025-03-01,144,6,1288.03,3,3,8,4,2
1292,CUST1298,2025-07-03,20,10,3257.7,3,2,4,4,1
1293,CUST1299,2025-06-26,27,8,1284.76,1,2,1,4,3
1294,CUST1300,2025-03-23,122,2,125.75999999999999,0,1,4,2,2
1295,CUST1301,2025-07-05,18,11,3607.96,3,3,5,1,1
1296,CUST1302,2025-07-07,16,7,1506.3,2,4,6,4,0
1297,CUST1303,2025-05-24,60,3,550.75,0,2,6,5,2
1298,CUST1304,2025-06-29,24,6,1711.31,3,2,4,5,0
1299,CUST1305,2025-07-08,15,6,1815.91,0,1,0,6,3
1300,CUST1306,2025-06-21,32,7,1347.22,4,3,1,5,0
1301,CUST1307,2025-06-29,24,7,1797.6200000000001,2,2,8,4,4
1302,CUST1308,2025-07-04,19,7,2316.6,0,3,1,6,1
1303,CUST1309,2025-07-07,16,9,2859.18,3,4,9,7,1
1304,CUST1310,2025-06-03,50,5,823.1600000000001,3,1,8,3,4
1305,CUST1311,2025-05-11,73,4,470.46,3,0,1,4,3
1306,CUST1312,2025-06-10,43,8,1665.21,3,4,4,9,0
1307,CUST1313,2025-05-17,67,4,1150.02,4,0,6,5,4
1308,CUST1314,2025-07-05,18,12,2604.83,2,1,2,7,1
1309,CUST1315,2025-07-04,19,7,2093.25,3,2,3,5,1
1310,CUST1316,2025-06-26,27,7,2035.12,1,1,2,1,3
1311,CUST1317,2025-05-23,61,7,2067.73,3,1,2,9,3
1312,CUST1318,2025-07-03,20,7,1770.8600000000001,0,0,8,7,4
1313,CUST1319,2025-07-07,16,8,1455.24,0,4,0,6,0
1314,CUST1320,2025-05-14,70,4,514.43,3,2,2,5,2
1315,CUST1321,2025-07-02,21,9,2041.82,4,0,4,5,1
1316,CUST1322,2025-04-20,94,7,1793.26,4,0,5,4,4
1317,CUST1323,2025-03-12,133,3,638.01,2,1,3,0,2
1318,CUST1324,2025-06-23,30,10,2609.55,0,4,9,1,1
1319,CUST1325,2025-04-08,106,2,233.98000000000002,4,4,5,6,2
1320,CUST1326,2025-06-23,30,10,2515.54,2,0,3,3,1
1321,CUST1327,2025-07-04,19,8,2267.57,2,2,6,5,1
1322,CUST1328,2025-05-08,76,6,1143.37,1,4,5,2,0
1323,CUST1329,2025-06-29,24,6,1697.07,1,3,3,7,0
1324,CUST1330,2025-07-06,17,9,1822.54,1,0,4,2,1
1325,CUST1331,2025-06-08,45,3,383.1,4,0,8,7,4
1326,CUST1332,2025-07-05,18,7,2263.29,2,2,4,7,1
1327,CUST1333,2025-06-15,38,4,982.0400000000001,4,0,7,7,4
1328,CUST1334,2025-05-13,71,3,1019.16,1,2,3,9,2
1329,CUST1335,2025-05-23,61,7,1334.43,3,0,0,8,3
1330,CUST1336,2025-07-06,17,5,1632.53,1,4,4,4,0
1331,CUST1337,2025-04-27,87,3,879.29,4,0,5,0,2
1332,CUST1338,2025-06-29,24,7,2090.84,4,3,9,6,4
1333,CUST1339,2025-07-02,21,6,2313.27,4,0,9,5,4
1334,CUST1340,2025-05-13,71,5,963.17,0,0,9,4,4
1335,CUST1341,2025-07-04,19,7,1517.67,1,0,8,9,4
1336,CUST1342,2025-07-03,20,4,752.9200000000001,2,4,3,2,0
1337,CUST1343,2025-07-03,20,6,1115.97,4,0,3,3,3
1338,CUST1344,2025-07-04,19,9,2319.48,3,1,5,4,1
1339,CUST1345,2025-07-01,22,7,2095.88,4,3,6,4,1
1340,CUST1346,2025-07-08,15,6,1457.46,0,2,4,2,3
1341,CUST1347,2025-05-14,70,9,2752.95,1,3,4,4,1
1342,CUST1348,2025-06-25,28,5,1391.99,4,2,8,6,4
1343,CUST1349,2025-06-08,45,10,3408.15,1,4,2,4,1
1344,CUST1350,2025-03-20,125,2,587.7,0,3,9,1,2
1345,CUST1351,2025-07-07,16,16,4301.34,1,0,4,2,1
1346,CUST1352,2025-04-04,110,6,1349.6299999999999,2,2,9,4,2
1347,CUST1353,2025-06-11,42,11,1744.02,1,0,6,3,1
1348,CUST1354,2025-05-27,57,2,308.81,4,1,2,2,2
1349,CUST1355,2025-04-08,106,3,808.58,2,0,5,4,2
1350,CUST1356,2025-05-27,57,8,1397.55,0,2,3,7,3
1351,CUST1357,2025-04-03,111,5,1722.32,2,3,1,3,2
1352,CUST1358,2025-07-06,17,3,823.9100000000001,0,0,3,7,3
1353,CUST1359,2025-06-03,50,6,1487.4,0,1,1,3,3
1354,CUST1360,2025-06-24,29,8,2546.09,1,4,8,8,1
1355,CUST1361,2025-06-21,32,7,1773.51,1,3,7,9,0
1356,CUST1362,2025-07-03,20,6,1473.96,2,3,3,3,0
1357,CUST1363,2025-06-29,24,10,2371.67,3,3,2,7,1
1358,CUST1364,2025-06-18,35,3,709.15,0,1,4,7,3
1359,CUST1365,2025-06-30,23,5,1625.8400000000001,3,0,6,4,4
1360,CUST1366,2025-07-05,18,5,675.05,3,1,4,6,3
1361,CUST1367,2025-06-13,40,7,1779.74,3,1,9,1,4
1362,CUST1368,2025-07-07,16,6,1498.81,4,2,4,1,4
1363,CUST1369,2025-06-19,34,7,1174.86,0,0,2,2,3
1364,CUST1370,2025-04-28,86,5,732.51,4,0,1,9,3
1365,CUST1371,2025-04-29,85,4,1190.1299999999999,4,0,6,6,2
1366,CUST1372,2025-05-25,59,5,1023.17,3,1,6,4,4
1367,CUST1373,2025-07-03,20,6,1805.33,4,3,6,1,0
1368,CUST1374,2025-06-27,26,3,933.56,1,2,3,3,3
1369,CUST1375,2025-06-30,23,9,2391.62,2,2,4,9,1
1370,CUST1376,2025-06-19,34,11,2886.1,4,1,1,3,1
1371,CUST1377,2025-05-19,65,5,981.94,1,4,0,2,0
1372,CUST1378,2025-06-25,28,2,254.74,0,0,2,0,3
1373,CUST1379,2025-07-08,15,6,2022.2,3,2,6,8,4
1374,CUST1380,2025-04-22,92,3,179.54,3,1,4,0,2
1375,CUST1381,2025-07-02,21,6,1346.29,3,3,2,1,0
1376,CUST1382,2025-06-29,24,9,2577.71,4,3,0,9,1
1377,CUST1383,2025-03-24,121,3,934.8500000000001,3,0,9,3,2
1378,CUST1384,2025-03-24,121,3,425.14,0,1,0,4,2
1379,CUST1385,2025-06-30,23,3,1153.59,4,0,6,4,4
1380,CUST1386,2025-03-30,115,1,142.84,3,3,7,1,2
1381,CUST1387,2025-07-06,17,9,2169.0,2,3,0,8,1
1382,CUST1388,2025-06-17,36,7,2135.81,0,3,4,9,1
1383,CUST1389,2025-07-08,15,7,2579.48,2,0,7,3,4
1384,CUST1390,2025-03-07,138,6,1792.07,4,2,3,6,2
1385,CUST1391,2025-06-09,44,2,473.38,1,0,8,4,4
1386,CUST1392,2025-06-13,40,3,640.24,3,0,0,1,3
1387,CUST1393,2025-06-05,48,6,1556.52,1,1,1,8,3
1388,CUST1394,2025-04-30,84,6,1702.31,3,2,5,2,4
1389,CUST1395,2025-07-05,18,7,2072.05,4,4,7,5,0
1390,CUST1396,2025-06-21,32,3,865.45,2,3,9,9,0
1391,CUST1397,2025-06-09,44,7,1959.67,2,0,6,0,4
1392,CUST1398,2025-06-26,27,9,2533.5299999999997,1,1,8,5,1
1393,CUST1399,2025-06-19,34,7,1779.17,0,1,4,5,3
1394,CUST1400,2025-07-07,16,4,1287.46,0,1,0,2,3
1395,CUST1401,2025-04-05,109,6,1695.08,2,1,4,1,2
1396,CUST1402,2025-05-27,57,6,1645.85,1,2,4,5,3
1397,CUST1403,2025-05-30,54,8,1984.47,2,3,8,5,1
1398,CUST1404,2025-05-29,55,5,1202.04,4,0,3,7,3
1399,CUST1405,2025-07-06,17,6,1653.73,3,4,4,6,0
1400,CUST1406,2025-07-07,16,9,2360.7400000000002,2,2,1,4,1
1401,CUST1407,2025-06-18,35,11,3236.62,1,4,6,6,1
1402,CUST1408,2025-06-24,29,6,1686.4499999999998,1,0,7,3,4
1403,CUST1409,2025-06-12,41,2,806.22,3,4,2,6,0
1404,CUST1410,2025-05-06,78,4,954.73,0,1,6,8,2
1405,CUST1411,2025-06-18,35,8,1666.75,0,4,0,4,0
1406,CUST1412,2025-05-25,59,7,1500.08,4,1,1,8,3
1407,CUST1413,2025-07-04,19,12,3313.68,4,1,4,4,1
1408,CUST1414,2025-05-25,59,7,2388.59,3,3,3,2,1
1409,CUST1415,2025-04-29,85,6,1693.6,3,1,6,4,4
1410,CUST1416,2025-04-20,94,2,444.75,2,4,4,9,2
1411,CUST1417,2025-06-01,52,10,2053.88,1,0,9,7,1
1412,CUST1418,2025-06-06,47,3,756.81,2,3,8,7,0
1413,CUST1419,2025-06-12,41,5,1578.8,4,2,4,9,0
1414,CUST1420,2025-05-21,63,5,1268.28,3,2,2,3,0
1415,CUST1421,2025-06-28,25,7,2278.14,1,1,0,5,3
1416,CUST1422,2025-07-07,16,8,1789.96,4,4,4,4,0
1417,CUST1423,2025-04-22,92,6,1694.26,3,1,7,7,2
1418,CUST1424,2025-04-29,85,6,1541.24,2,0,9,2,4
1419,CUST1425,2025-06-21,32,5,1245.56,0,3,7,2,0
1420,CUST1426,2025-06-24,29,9,2725.02,2,3,5,6,1
1421,CUST1427,2025-06-05,48,10,2207.27,2,0,5,0,1
1422,CUST1428,2025-07-01,22,7,2136.02,2,3,7,7,1
1423,CUST1429,2025-06-15,38,7,2103.21,3,2,1,9,3
1424,CUST1430,2025-06-22,31,7,1836.26,0,1,3,6,3
1425,CUST1431,2025-05-21,63,4,591.02,4,0,2,8,3
1426,CUST1432,2025-04-04,110,3,755.59,3,4,9,9,2
1427,CUST1433,2025-07-07,16,6,1600.6399999999999,2,0,0,7,3
1428,CUST1434,2025-06-04,49,6,1076.83,2,1,0,3,3
1429,CUST1435,2025-06-29,24,5,663.6800000000001,3,4,6,3,0
1430,CUST1436,2025-06-16,37,7,2439.61,0,2,2,9,1
1431,CUST1437,2025-05-15,69,3,525.64,1,4,8,5,0
1432,CUST1438,2025-06-29,24,6,1437.6399999999999,2,2,9,4,4
1433,CUST1439,2025-06-19,34,6,1709.23,1,0,0,4,3
1434,CUST1440,2025-04-21,93,7,1580.09,1,1,5,4,2
1435,CUST1441,2025-06-04,49,6,1372.05,4,1,7,9,4
1436,CUST1442,2025-06-18,35,7,1363.04,0,3,2,7,3
1437,CUST1443,2025-06-05,48,8,2897.65,2,0,7,6,1
1438,CUST1444,2025-07-04,19,8,1725.21,2,0,0,4,3
1439,CUST1445,2025-02-28,145,3,1332.52,3,4,4,5,2
1440,CUST1446,2025-05-21,63,4,1383.21,3,1,5,1,4
1441,CUST1447,2025-05-29,55,5,1279.3000000000002,3,0,6,0,4
1442,CUST1448,2025-06-20,33,7,1778.33,0,0,3,0,3
1443,CUST1449,2025-06-22,31,11,2654.55,1,3,9,8,1
1444,CUST1450,2025-06-03,50,5,860.63,2,0,8,4,4
1445,CUST1451,2025-06-27,26,7,1797.54,3,1,7,3,4
1446,CUST1452,2025-07-04,19,4,1018.63,1,2,3,0,3
1447,CUST1453,2025-07-08,15,6,1539.73,3,1,0,7,3
1448,CUST1454,2025-06-27,26,7,1877.56,4,1,9,7,4
1449,CUST1455,2025-05-05,79,5,1210.06,0,2,6,8,2
1450,CUST1456,2025-05-21,63,3,904.12,2,3,2,9,0
1451,CUST1457,2025-06-03,50,9,2115.52,2,1,4,4,1
1452,CUST1458,2025-05-02,82,6,1627.25,2,3,2,7,0
1453,CUST1459,2025-06-10,43,4,953.21,3,2,3,3,0
1454,CUST1460,2025-06-23,30,9,2416.56,3,1,2,4,1
1455,CUST1461,2025-06-27,26,7,1770.97,1,0,5,4,4
1456,CUST1462,2025-06-18,35,8,2593.1,3,4,5,4,1
1457,CUST1463,2025-05-22,62,5,1245.25,3,3,2,9,0
1458,CUST1464,2025-06-20,33,5,1212.96,3,4,2,7,0
1459,CUST1465,2025-07-04,19,8,2406.5299999999997,3,3,1,6,1
1460,CUST1466,2025-06-15,38,6,1633.65,1,4,8,9,0
1461,CUST1467,2025-07-03,20,5,1253.6399999999999,0,0,5,0,3
1462,CUST1468,2025-06-28,25,7,1981.24,3,0,7,0,4
1463,CUST1469,2025-06-03,50,6,900.12,2,2,6,5,4
1464,CUST1470,2025-07-07,16,4,1496.17,3,4,9,2,0
1465,CUST1471,2025-06-21,32,2,655.65,4,2,0,5,3
1466,CUST1472,2025-06-05,48,7,1743.34,2,0,5,8,4
1467,CUST1473,2025-07-08,15,8,1512.36,3,0,1,4,3
1468,CUST1474,2025-06-11,42,3,712.54,3,0,6,6,4
1469,CUST1475,2025-06-21,32,8,2140.11,3,0,7,8,4
1470,CUST1476,2025-07-06,17,9,2031.3300000000002,2,2,2,4,1
1471,CUST1477,2025-07-03,20,12,2604.82,4,2,6,4,1
1472,CUST1478,2025-06-24,29,8,1605.13,1,3,9,1,4
1473,CUST1479,2025-06-03,50,7,1922.0700000000002,4,3,3,5,0
1474,CUST1480,2025-06-26,27,10,2761.41,3,0,2,7,1
1475,CUST1481,2025-06-06,47,5,1199.84,1,4,5,2,0
1476,CUST1482,2025-07-08,15,4,1174.77,3,3,3,6,0
1477,CUST1483,2025-05-06,78,4,910.1199999999999,4,2,0,2,2
1478,CUST1484,2025-04-05,109,3,756.4200000000001,0,2,8,0,2
1479,CUST1485,2025-07-01,22,8,2671.1,3,3,7,2,1
1480,CUST1486,2025-06-15,38,7,1967.96,0,3,6,4,1
1481,CUST1487,2025-06-12,41,2,386.07000000000005,4,1,8,4,4
1482,CUST1488,2025-06-06,47,7,1784.39,0,2,4,6,3
1483,CUST1489,2025-06-06,47,4,523.03,2,1,0,1,3
1484,CUST1490,2025-05-29,55,5,1013.53,3,4,6,1,0
1485,CUST1491,2025-07-08,15,9,2852.37,1,3,8,9,1
1486,CUST1492,2025-06-22,31,6,787.3,4,0,9,9,4
1487,CUST1493,2025-05-11,73,4,1050.94,1,0,7,1,4
1488,CUST1494,2025-06-30,23,7,1174.02,4,4,8,9,0
1489,CUST1495,2025-07-02,21,10,2697.28,2,2,5,8,1
1490,CUST1496,2025-01-19,185,1,256.14,2,3,0,4,2
1491,CUST1497,2025-07-02,21,6,1346.77,4,4,5,3,0
1492,CUST1498,2025-06-24,29,7,1679.99,1,1,0,4,3
1493,CUST1499,2025-05-19,65,7,2013.3400000000001,4,3,8,2,4
1494,CUST1500,2025-06-29,24,5,1063.47,1,4,1,9,0
1495,CUST1501,2025-06-28,25,9,3036.28,1,4,2,9,1
1496,CUST1502,2025-07-03,20,9,1515.26,2,1,5,6,1
1497,CUST1503,2025-07-04,19,8,2277.3,3,2,3,3,1
1498,CUST1504,2025-05-25,59,4,1170.6100000000001,1,0,1,8,3
1499,CUST1505,2025-05-20,64,4,1291.8400000000001,3,2,9,4,4
1500,CUST1506,2025-05-25,59,6,1806.94,3,0,2,2,3
1501,CUST1507,2025-06-12,41,6,1145.58,3,3,3,0,0
1502,CUST1508,2025-06-19,34,7,2129.88,0,2,7,5,1
1503,CUST1509,2025-05-30,54,3,831.0699999999999,3,4,4,3,0
1504,CUST1510,2025-06-02,51,7,1691.44,4,2,6,1,4
1505,CUST1511,2025-05-18,66,7,1842.55,0,0,2,5,3
1506,CUST1512,2025-06-28,25,5,1408.02,4,4,4,0,0
1507,CUST1513,2025-05-31,53,5,1079.67,0,3,9,2,4
1508,CUST1514,2025-07-05,18,9,2044.89,4,2,3,3,1
1509,CUST1515,2025-06-04,49,9,2127.62,4,0,9,2,4
1510,CUST1516,2025-07-04,19,9,2470.15,0,4,5,2,1
1511,CUST1517,2025-05-22,62,8,2312.4,4,2,7,7,1
1512,CUST1518,2025-06-30,23,6,1609.33,4,2,4,5,0
1513,CUST1519,2025-06-12,41,8,1785.96,0,1,1,5,3
1514,CUST1520,2025-07-08,15,6,1619.31,0,4,6,0,0
1515,CUST1521,2025-06-24,29,8,2357.6099999999997,1,0,6,9,1
1516,CUST1522,2025-05-31,53,8,2589.46,0,2,9,4,1
1517,CUST1523,2025-07-06,17,4,851.84,1,1,2,9,3
1518,CUST1524,2025-07-06,17,5,1311.98,1,0,8,4,4
1519,CUST1525,2025-07-06,17,8,3006.63,2,4,5,4,1
1520,CUST1526,2025-06-27,26,6,1349.97,3,4,7,6,0
1521,CUST1527,2025-03-26,119,4,503.03,1,0,3,4,2
1522,CUST1528,2025-06-25,28,9,3261.59,1,2,6,1,1
1523,CUST1529,2025-05-29,55,4,1304.9,3,4,7,5,0
1524,CUST1530,2025-06-04,49,10,3172.69,0,0,5,4,1
1525,CUST1531,2025-07-02,21,7,1325.33,1,2,2,6,3
1526,CUST1532,2025-05-31,53,3,753.27,2,0,6,5,4
1527,CUST1533,2025-05-21,63,4,1344.3400000000001,1,1,7,4,4
1528,CUST1534,2025-06-03,50,5,1394.24,3,0,6,3,4
1529,CUST1535,2025-06-22,31,5,973.99,1,2,4,0,3
1530,CUST1536,2025-05-30,54,8,2014.92,3,1,4,7,1
1531,CUST1537,2025-06-17,36,7,1655.5,4,1,3,0,4
1532,CUST1538,2025-06-19,34,5,1381.26,1,1,2,9,3
1533,CUST1539,2025-06-12,41,6,1846.21,3,3,0,9,0
1534,CUST1540,2025-05-09,75,9,2022.73,1,3,3,4,1
1535,CUST1541,2025-06-24,29,7,2035.55,2,0,6,8,4
1536,CUST1542,2025-06-23,30,9,3275.81,2,4,4,1,1
1537,CUST1543,2025-06-12,41,3,1042.38,4,0,6,1,4
1538,CUST1544,2025-06-26,27,5,1201.3400000000001,4,4,5,5,0
1539,CUST1545,2025-07-02,21,5,2171.15,1,3,9,8,4
1540,CUST1546,2025-07-02,21,8,1806.13,1,2,1,4,3
1541,CUST1547,2025-06-05,48,9,2462.4,0,2,1,4,1
1542,CUST1548,2025-05-12,72,4,1056.97,2,2,7,0,4
1543,CUST1549,2025-06-29,24,4,1061.28,0,4,9,4,0
1544,CUST1550,2025-07-06,17,10,2554.75,3,3,6,8,1
1545,CUST1551,2025-06-13,40,8,1870.1599999999999,0,2,2,1,3
1546,CUST1552,2025-07-08,15,7,1903.66,2,1,5,2,4
1547,CUST1553,2025-05-31,53,2,761.0699999999999,0,1,4,9,3
1548,CUST1554,2025-05-18,66,4,1813.8600000000001,1,4,8,4,0
1549,CUST1555,2025-05-12,72,6,1592.48,1,3,2,5,0
1550,CUST1556,2025-05-27,57,8,2274.58,1,3,8,4,1
1551,CUST1557,2025-04-18,96,3,332.14,3,2,5,0,2
1552,CUST1558,2025-06-28,25,9,2280.12,1,2,2,7,1
1553,CUST1559,2025-05-03,81,5,1992.12,2,3,0,1,0
1554,CUST1560,2025-07-01,22,7,1883.1,2,2,0,1,3
1555,CUST1561,2025-06-25,28,7,1259.13,0,3,6,5,0
1556,CUST1562,2025-06-04,49,7,1818.85,2,0,3,7,3
1557,CUST1563,2025-07-05,18,10,3401.56,4,2,4,9,1
1558,CUST1564,2025-06-28,25,7,2034.95,1,3,6,7,1
1559,CUST1565,2025-06-10,43,4,1137.72,0,4,5,5,0
1560,CUST1566,2025-07-04,19,12,3747.35,4,4,2,8,1
1561,CUST1567,2025-06-25,28,5,1011.25,3,0,6,0,4
1562,CUST1568,2025-06-08,45,8,2104.79,4,3,3,5,1
1563,CUST1569,2025-05-04,80,3,699.47,1,0,6,6,2
1564,CUST1570,2025-06-18,35,4,1386.65,4,2,3,4,0
1565,CUST1571,2025-06-04,49,7,1914.95,0,1,1,7,3
1566,CUST1572,2025-06-23,30,5,839.56,4,2,7,8,4
1567,CUST1573,2025-07-07,16,7,1632.23,1,3,7,9,0
1568,CUST1574,2025-07-08,15,5,1117.42,3,1,0,7,3
1569,CUST1575,2025-05-08,76,7,2018.06,3,3,5,3,0
1570,CUST1576,2025-07-08,15,6,1636.94,1,0,3,8,3
1571,CUST1577,2025-06-21,32,3,496.24,4,1,0,6,3
1572,CUST1578,2025-05-12,72,12,2656.2400000000002,3,3,7,8,1
1573,CUST1579,2025-07-02,21,10,2401.73,4,0,0,1,1
1574,CUST1580,2025-06-22,31,7,1872.63,4,1,1,8,3
1575,CUST1581,2025-07-01,22,4,1317.5,2,3,4,5,0
1576,CUST1582,2025-06-07,46,3,554.1700000000001,4,1,0,4,3
1577,CUST1583,2025-05-30,54,8,2045.63,2,2,2,6,1
1578,CUST1584,2025-05-11,73,6,1417.81,3,4,0,6,0
1579,CUST1585,2025-05-21,63,5,1062.52,2,3,4,2,0
1580,CUST1586,2025-06-27,26,5,1008.38,2,1,4,8,3
1581,CUST1587,2025-06-21,32,3,1070.75,1,1,5,7,3
1582,CUST1588,2025-04-28,86,3,868.29,4,2,1,8,2
1583,CUST1589,2025-06-20,33,7,1786.97,3,1,8,6,4
1584,CUST1590,2025-06-24,29,11,1908.3799999999999,3,2,6,7,1
1585,CUST1591,2025-04-25,89,3,886.8100000000001,4,3,1,0,2
1586,CUST1592,2025-06-26,27,7,1327.31,4,0,7,6,4
1587,CUST1593,2025-06-26,27,7,1805.12,4,4,6,4,0
1588,CUST1594,2025-05-09,75,4,1198.75,4,3,2,1,0
1589,CUST1595,2025-07-01,22,7,1959.97,4,1,7,1,4
1590,CUST1596,2025-06-20,33,7,1632.51,1,3,3,1,0
1591,CUST1597,2025-06-27,26,6,1378.83,0,2,3,2,3
1592,CUST1598,2025-07-06,17,6,1483.4,2,4,8,3,0
1593,CUST1599,2025-06-02,51,5,1445.44,4,4,0,0,0
1594,CUST1600,2025-05-30,54,9,2906.06,2,4,7,5,1
1595,CUST1601,2025-04-06,108,9,2919.26,1,3,2,6,1
1596,CUST1602,2025-06-29,24,2,790.1600000000001,4,2,3,8,0
1597,CUST1603,2025-04-03,111,3,598.9399999999999,2,4,3,7,2
1598,CUST1604,2025-03-31,114,5,1864.39,3,4,7,5,2
1599,CUST1605,2025-05-31,53,4,1048.12,0,3,0,0,3
1600,CUST1606,2025-07-08,15,10,1913.87,0,0,1,3,3
1601,CUST1607,2025-06-19,34,8,2132.0299999999997,0,1,7,9,1
1602,CUST1608,2025-06-13,40,5,976.13,2,3,6,1,0
1603,CUST1609,2025-06-19,34,9,2789.66,1,3,1,1,1
1604,CUST1610,2025-07-01,22,5,966.62,0,2,2,2,3
1605,CUST1611,2025-06-12,41,5,1317.25,3,0,1,0,3
1606,CUST1612,2025-06-08,45,4,824.4799999999999,1,1,3,4,3
1607,CUST1613,2025-06-29,24,7,1294.06,2,3,6,7,0
1608,CUST1614,2025-07-03,20,5,1301.5,4,4,1,5,0
1609,CUST1615,2025-06-06,47,5,853.18,1,1,8,7,4
1610,CUST1616,2025-05-13,71,5,934.98,3,4,9,1,0
1611,CUST1617,2025-06-24,29,10,2247.59,1,0,7,9,1
1612,CUST1618,2025-07-06,17,6,1766.4099999999999,4,0,2,7,3
1613,CUST1619,2025-05-10,74,7,1635.08,0,2,2,4,3
1614,CUST1620,2025-07-08,15,8,1791.98,4,0,9,0,4
1615,CUST1621,2025-06-25,28,8,2934.64,3,3,9,8,1
1616,CUST1622,2025-06-22,31,4,1165.54,1,4,3,1,0
1617,CUST1623,2025-06-16,37,5,921.7,3,1,3,0,3
1618,CUST1624,2025-06-19,34,8,1847.14,0,4,3,3,0
1619,CUST1625,2025-05-22,62,3,1021.5999999999999,3,4,4,4,0
1620,CUST1626,2025-04-04,110,7,1960.2,3,0,9,6,4
1621,CUST1627,2025-06-13,40,7,1369.64,1,3,2,6,0
1622,CUST1628,2025-06-21,32,6,1971.87,4,0,3,2,4
1623,CUST1629,2025-07-01,22,7,2236.41,4,1,1,6,3
1624,CUST1630,2025-06-18,35,4,888.07,1,4,4,6,0
1625,CUST1631,2025-06-26,27,3,870.0699999999999,3,3,6,1,0
1626,CUST1632,2025-06-24,29,7,1553.71,0,2,3,1,3
1627,CUST1633,2025-05-18,66,7,1495.1499999999999,4,0,9,4,4
1628,CUST1634,2025-06-30,23,6,1852.02,4,0,8,6,4
1629,CUST1635,2025-06-07,46,4,830.6,3,3,5,9,0
1630,CUST1636,2025-06-03,50,5,1158.26,1,4,1,6,0
1631,CUST1637,2025-05-25,59,9,2447.8,0,2,4,4,1
1632,CUST1638,2025-05-10,74,7,1988.55,2,4,2,8,0
1633,CUST1639,2025-07-02,21,9,2409.11,1,0,1,2,1
1634,CUST1640,2025-06-23,30,4,1304.74,3,3,4,9,0
1635,CUST1641,2025-06-08,45,7,1481.41,1,1,4,2,3
1636,CUST1642,2025-05-16,68,4,1380.47,2,0,1,0,3
1637,CUST1643,2025-06-30,23,7,1479.53,3,1,1,4,3
1638,CUST1644,2025-06-21,32,7,1371.34,2,1,1,7,3
1639,CUST1645,2025-05-27,57,7,2340.63,4,2,9,5,4
1640,CUST1646,2025-05-29,55,6,1586.06,2,1,2,6,3
1641,CUST1647,2025-05-10,74,6,2146.35,1,1,9,8,4
1642,CUST1648,2025-05-13,71,4,717.22,4,4,3,3,0
1643,CUST1649,2025-06-29,24,5,1479.82,4,1,9,7,4
1644,CUST1650,2025-06-16,37,8,2276.21,0,0,7,6,1
1645,CUST1651,2025-06-21,32,3,888.2,4,3,7,6,0
1646,CUST1652,2025-02-21,152,3,336.78999999999996,0,4,6,5,2
1647,CUST1653,2025-06-17,36,7,1610.85,4,3,8,1,4
1648,CUST1654,2025-07-05,18,8,2186.79,4,0,9,5,4
1649,CUST1655,2025-05-04,80,5,1186.43,2,4,8,4,0
1650,CUST1656,2025-07-02,21,6,1295.1599999999999,3,3,6,4,0
1651,CUST1657,2025-06-22,31,10,3095.22,2,1,8,1,1
1652,CUST1658,2025-07-08,15,8,2731.02,0,0,9,3,1
1653,CUST1659,2025-05-11,73,8,1974.98,3,1,4,4,1
1654,CUST1660,2025-05-20,64,4,1498.12,1,2,0,7,3
1655,CUST1661,2025-06-12,41,8,1828.63,2,4,7,1,0
1656,CUST1662,2025-06-22,31,2,482.79,0,1,5,3,3
1657,CUST1663,2025-07-05,18,3,716.0,3,2,4,5,0
1658,CUST1664,2025-07-06,17,6,1997.1100000000001,2,0,7,2,4
1659,CUST1665,2025-06-26,27,5,810.6700000000001,0,2,0,4,3
1660,CUST1666,2025-04-20,94,7,2318.38,3,4,1,5,0
1661,CUST1667,2025-06-30,23,9,1902.77,4,3,7,8,1
1662,CUST1668,2025-06-26,27,7,1639.12,4,0,7,7,4
1663,CUST1669,2025-06-18,35,8,1724.46,4,4,0,9,0
1664,CUST1670,2025-05-28,56,5,1227.53,0,2,0,3,3
1665,CUST1671,2025-07-01,22,8,1804.4,0,3,9,7,1
1666,CUST1672,2025-06-24,29,11,2840.6,0,0,4,3,1
1667,CUST1673,2025-06-17,36,8,2551.71,4,2,3,7,1
1668,CUST1674,2025-07-05,18,5,742.95,2,0,0,3,3
1669,CUST1675,2025-06-03,50,4,494.56,4,0,9,3,4
1670,CUST1676,2025-03-19,126,2,624.48,3,3,5,1,2
1671,CUST1677,2025-05-21,63,2,752.26,0,3,3,6,0
1672,CUST1678,2025-07-01,22,3,1238.37,4,1,5,1,4
1673,CUST1679,2025-04-29,85,5,1274.86,0,3,3,4,2
1674,CUST1680,2025-04-16,98,5,1229.04,1,2,1,2,2
1675,CUST1681,2025-06-08,45,10,3104.33,4,0,6,0,1
1676,CUST1682,2025-07-05,18,6,1395.93,0,3,4,5,0
1677,CUST1683,2025-05-27,57,7,1914.91,1,4,0,8,0
1678,CUST1684,2025-07-01,22,10,1666.39,3,0,1,9,3
1679,CUST1685,2025-07-03,20,7,1622.48,0,3,3,7,0
1680,CUST1686,2025-05-26,58,2,415.35,0,3,7,5,2
1681,CUST1687,2025-06-09,44,5,1160.11,3,3,3,9,0
1682,CUST1688,2025-06-24,29,5,1163.97,4,2,8,2,4
1683,CUST1689,2025-04-19,95,5,1127.1,3,3,4,4,2
1684,CUST1690,2025-06-12,41,4,803.6,3,0,2,8,3
1685,CUST1691,2025-05-27,57,3,586.62,3,0,5,8,4
1686,CUST1692,2025-05-07,77,3,686.91,2,4,6,4,0
1687,CUST1693,2025-06-17,36,6,1036.43,4,2,5,1,4
1688,CUST1694,2025-07-04,19,3,267.65,1,0,3,0,3
1689,CUST1695,2025-06-20,33,11,1844.6599999999999,4,1,5,0,1
1690,CUST1696,2025-06-20,33,4,1120.03,3,0,4,8,3
1691,CUST1697,2025-06-09,44,7,1446.6799999999998,0,2,0,9,3
1692,CUST1698,2025-06-03,50,5,1127.75,1,1,0,4,3
1693,CUST1699,2025-07-05,18,8,2137.42,0,1,3,0,1
1694,CUST1700,2025-07-01,22,11,2931.44,2,3,7,4,1
1695,CUST1701,2025-06-21,32,6,2094.15,4,0,2,7,3
1696,CUST1702,2025-04-23,91,2,570.34,2,3,4,0,2
1697,CUST1703,2025-06-21,32,8,2188.4900000000002,0,4,7,3,1
1698,CUST1704,2025-06-22,31,8,2198.08,1,3,0,3,1
1699,CUST1705,2025-05-17,67,6,1017.95,2,1,5,5,4
1700,CUST1706,2025-07-02,21,5,1715.73,4,1,4,3,4
1701,CUST1707,2025-04-20,94,2,171.48,4,0,5,3,2
1702,CUST1708,2025-07-08,15,4,1153.3600000000001,2,1,5,1,4
1703,CUST1709,2025-07-06,17,12,2132.24,3,3,2,3,1
1704,CUST1710,2025-06-19,34,12,3200.16,1,2,9,0,1
1705,CUST1711,2025-06-19,34,6,1587.8400000000001,1,1,6,1,4
1706,CUST1712,2025-05-07,77,3,928.35,2,2,9,2,2
1707,CUST1713,2025-06-08,45,8,2010.22,2,4,8,8,1
1708,CUST1714,2025-06-24,29,6,1828.9099999999999,0,3,1,7,3
1709,CUST1715,2025-06-28,25,5,1074.31,4,0,9,8,4
1710,CUST1716,2025-05-20,64,7,2187.0,3,1,5,4,4
1711,CUST1717,2025-05-28,56,5,1247.24,4,1,7,5,4
1712,CUST1718,2025-06-13,40,1,489.9,0,3,6,6,0
1713,CUST1719,2025-05-20,64,7,2590.58,4,0,6,4,4
1714,CUST1720,2025-07-04,19,7,1986.57,0,0,1,4,3
1715,CUST1721,2025-06-15,38,5,1421.45,2,4,3,8,0
1716,CUST1722,2025-05-08,76,4,1005.3199999999999,2,2,9,7,2
1717,CUST1723,2025-04-25,89,5,1381.34,2,3,0,6,0
1718,CUST1724,2025-06-24,29,8,1998.82,1,4,4,1,1
1719,CUST1725,2025-07-03,20,6,1048.33,1,1,4,6,3
1720,CUST1726,2025-07-06,17,6,2150.11,0,2,1,8,3
1721,CUST1727,2025-05-29,55,3,1182.65,0,3,4,6,0
1722,CUST1728,2025-06-27,26,4,875.48,0,1,4,6,3
1723,CUST1729,2025-03-18,127,2,341.3,4,0,8,7,2
1724,CUST1730,2025-05-22,62,4,927.03,3,2,8,5,4
1725,CUST1731,2025-07-08,15,4,802.21,1,0,3,7,3
1726,CUST1732,2025-06-21,32,9,2666.9,3,3,4,6,1
1727,CUST1733,2025-07-06,17,8,2304.59,2,0,9,1,4
1728,CUST1734,2025-04-17,97,4,1237.46,3,4,8,1,2
1729,CUST1735,2025-06-09,44,5,1054.06,3,2,5,2,4
1730,CUST1736,2025-05-11,73,12,2783.75,1,3,9,5,1
1731,CUST1737,2025-06-22,31,14,4650.46,2,1,9,2,1
1732,CUST1738,2025-05-07,77,2,700.0899999999999,4,2,6,5,2
1733,CUST1739,2025-07-02,21,4,1214.45,3,2,6,7,4
1734,CUST1740,2025-06-25,28,5,1555.53,0,2,5,5,3
1735,CUST1741,2025-02-12,161,1,211.89,3,2,3,1,2
1736,CUST1742,2025-06-09,44,6,2338.87,0,0,7,1,4
1737,CUST1743,2025-07-04,19,8,1416.65,1,2,2,5,3
1738,CUST1744,2025-06-04,49,8,1452.83,1,1,6,6,4
1739,CUST1745,2025-03-19,126,6,990.74,3,0,0,6,2
1740,CUST1746,2025-07-06,17,10,1424.01,1,4,0,9,1
1741,CUST1747,2025-06-07,46,10,1541.57,0,2,3,8,1
1742,CUST1748,2025-07-06,17,6,1971.71,4,1,0,1,3
1743,CUST1749,2025-03-18,127,4,1417.15,3,4,6,9,2
1744,CUST1750,2025-06-12,41,4,851.17,4,3,5,9,0
1745,CUST1751,2025-06-23,30,4,789.3900000000001,3,0,2,8,3
1746,CUST1752,2025-07-05,18,5,1654.8600000000001,3,1,6,7,4
1747,CUST1753,2025-06-22,31,5,986.4399999999999,0,4,1,6,0
1748,CUST1754,2025-06-14,39,6,2183.34,1,0,4,4,3
1749,CUST1755,2025-06-26,27,7,1176.74,3,3,1,5,0
1750,CUST1756,2025-05-07,77,4,875.3199999999999,0,4,6,2,0
1751,CUST1757,2025-05-12,72,9,2090.1,2,1,3,8,1
1752,CUST1758,2025-06-30,23,10,3256.71,4,0,6,1,1
1753,CUST1759,2025-06-16,37,6,1797.85,0,4,9,9,0
1754,CUST1760,2025-05-18,66,5,1283.05,1,4,6,2,0
1755,CUST1761,2025-07-04,19,13,3899.1,2,0,1,0,1
1756,CUST1762,2025-07-02,21,6,1671.92,4,4,7,4,0
1757,CUST1763,2025-06-19,34,4,1515.22,3,0,4,2,4
1758,CUST1764,2025-06-24,29,2,446.38,2,3,8,8,0
1759,CUST1765,2025-05-20,64,4,1235.8200000000002,3,0,9,8,4
1760,CUST1766,2025-06-28,25,10,1695.1399999999999,0,1,0,5,3
1761,CUST1767,2025-06-04,49,4,949.45,1,3,1,6,0
1762,CUST1768,2025-05-24,60,5,1151.04,1,4,7,4,0
1763,CUST1769,2025-03-23,122,2,575.46,0,0,8,1,2
1764,CUST1770,2025-06-17,36,8,2356.12,3,3,9,5,1
1765,CUST1771,2025-05-22,62,4,440.69,4,4,7,7,0
1766,CUST1772,2025-07-02,21,11,3462.27,0,3,0,1,1
1767,CUST1773,2025-06-23,30,4,887.66,3,3,6,9,0
1768,CUST1775,2025-06-27,26,5,754.89,2,0,0,1,3
1769,CUST1776,2025-07-02,21,7,1826.7,0,3,1,9,3
1770,CUST1777,2025-06-01,52,5,1692.33,4,4,0,1,0
1771,CUST1778,2025-06-10,43,5,777.7399999999999,2,0,1,3,3
1772,CUST1779,2025-06-21,32,6,1679.01,1,1,8,5,4
1773,CUST1780,2025-06-25,28,6,1584.78,2,3,1,7,0
1774,CUST1781,2025-06-08,45,4,1689.96,4,1,0,1,3
1775,CUST1782,2025-07-07,16,10,3171.27,3,0,9,5,1
1776,CUST1783,2025-07-05,18,10,2502.6,3,1,2,1,1
1777,CUST1784,2025-05-16,68,4,983.74,0,3,5,2,0
1778,CUST1785,2025-05-03,81,6,1486.62,1,3,0,0,0
1779,CUST1786,2025-06-18,35,10,2503.33,1,1,9,1,1
1780,CUST1787,2025-04-29,85,6,1997.58,2,0,6,0,4
1781,CUST1788,2025-07-03,20,6,1490.34,3,0,9,0,4
1782,CUST1789,2025-06-28,25,9,1644.65,4,0,5,2,4
1783,CUST1790,2025-06-19,34,4,1003.2,0,4,6,7,0
1784,CUST1791,2025-06-20,33,3,620.1800000000001,2,0,4,8,3
1785,CUST1792,2025-04-09,105,6,1794.21,0,0,1,4,3
1786,CUST1793,2025-06-06,47,2,410.65,0,2,8,2,4
1787,CUST1794,2025-06-02,51,6,1155.06,2,3,1,3,0
1788,CUST1795,2025-04-23,91,6,1649.31,3,4,0,0,0
1789,CUST1796,2025-05-06,78,3,887.9,1,2,0,4,3
1790,CUST1797,2025-05-26,58,12,3592.9700000000003,1,2,5,0,1
1791,CUST1798,2025-07-07,16,7,1836.1200000000001,1,0,5,7,3
1792,CUST1799,2025-06-19,34,6,1314.54,2,0,9,7,4
1793,CUST1800,2025-07-06,17,6,1667.0300000000002,1,0,1,3,3
1794,CUST1801,2025-03-15,130,2,713.8,0,3,3,8,2
1795,CUST1802,2025-05-14,70,2,527.28,2,3,4,0,2
1796,CUST1803,2025-07-03,20,8,2565.86,1,1,6,4,1
1797,CUST1804,2025-05-09,75,2,416.96,0,1,0,5,3
1798,CUST1805,2025-07-07,16,7,1642.37,3,3,2,6,0
1799,CUST1806,2025-06-29,24,9,2385.58,1,1,1,0,1
1800,CUST1807,2025-06-15,38,9,2431.08,3,3,9,7,1
1801,CUST1808,2025-06-18,35,10,2372.62,1,3,7,9,1
1802,CUST1809,2025-04-25,89,7,1183.26,4,3,8,4,2
1803,CUST1810,2025-06-12,41,8,1654.84,4,4,0,7,0
1804,CUST1811,2025-05-14,70,4,947.4,2,4,5,9,0
1805,CUST1812,2025-07-06,17,9,2487.71,0,2,6,1,1
1806,CUST1813,2025-07-03,20,12,2575.7200000000003,2,1,8,8,1
1807,CUST1814,2025-07-07,16,7,2599.98,2,0,9,0,4
1808,CUST1815,2025-06-06,47,5,1120.91,1,1,1,2,3
1809,CUST1816,2025-05-13,71,4,908.05,4,4,6,4,0
1810,CUST1817,2025-06-30,23,4,1248.51,3,4,6,2,0
1811,CUST1818,2025-06-17,36,6,1353.23,3,1,0,3,3
1812,CUST1819,2025-05-28,56,6,1352.6999999999998,2,1,8,8,4
1813,CUST1820,2025-06-22,31,4,929.91,0,0,5,2,3
1814,CUST1821,2025-07-03,20,6,1325.87,2,3,7,9,0
1815,CUST1822,2025-06-15,38,6,1529.77,1,1,7,9,4
1816,CUST1823,2025-06-30,23,4,725.1,3,2,5,4,0
1817,CUST1824,2025-06-22,31,5,1170.31,3,1,2,3,3
1818,CUST1825,2025-04-29,85,5,1615.49,1,1,7,4,2
1819,CUST1826,2025-05-25,59,5,1370.59,0,4,2,2,0
1820,CUST1827,2025-06-27,26,5,1672.88,2,1,4,2,3
1821,CUST1828,2025-06-16,37,9,1830.99,4,1,8,9,4
1822,CUST1829,2025-06-15,38,6,1227.64,0,1,6,5,4
1823,CUST1830,2025-07-06,17,7,2110.17,3,0,8,6,4
1824,CUST1831,2025-06-24,29,5,1558.01,4,1,6,0,4
1825,CUST1832,2025-06-22,31,4,1519.63,4,3,1,4,0
1826,CUST1833,2025-06-19,34,4,941.24,1,0,4,3,3
1827,CUST1834,2025-07-05,18,7,2109.18,4,0,6,3,4
1828,CUST1835,2025-06-12,41,6,1351.74,4,2,3,1,0
1829,CUST1836,2025-07-06,17,4,955.49,4,2,2,3,0
1830,CUST1837,2025-05-08,76,5,1051.63,3,0,3,2,3
1831,CUST1838,2025-05-17,67,8,1920.19,4,2,0,1,3
1832,CUST1839,2025-06-23,30,7,1745.03,4,3,2,0,0
1833,CUST1840,2025-06-05,48,2,187.44,1,0,2,4,3
1834,CUST1841,2025-07-03,20,8,2491.95,1,0,5,0,1
1835,CUST1842,2025-05-26,58,3,763.39,2,3,0,2,0
1836,CUST1843,2025-06-09,44,6,1432.94,1,2,2,5,3
1837,CUST1844,2025-07-08,15,5,1259.55,1,4,5,4,0
1838,CUST1845,2025-05-20,64,2,338.39,3,3,6,5,2
1839,CUST1846,2025-07-08,15,9,2109.11,2,2,4,7,1
1840,CUST1847,2025-05-07,77,4,1083.78,3,1,7,1,4
1841,CUST1848,2025-06-22,31,6,2111.1,1,2,7,1,4
1842,CUST1849,2025-06-06,47,8,1429.65,2,0,7,3,4
1843,CUST1850,2025-05-10,74,5,958.04,1,3,0,4,0
1844,CUST1851,2025-07-01,22,9,1709.94,4,3,4,6,1
1845,CUST1852,2025-05-18,66,2,694.0799999999999,0,2,2,5,3
1846,CUST1853,2025-06-30,23,5,1814.91,4,2,7,4,4
1847,CUST1854,2025-07-03,20,3,429.21000000000004,1,4,5,6,0
1848,CUST1855,2025-06-10,43,4,877.6,2,2,9,4,4
1849,CUST1856,2025-07-03,20,9,2082.64,1,1,7,7,1
1850,CUST1857,2025-07-01,22,2,924.32,4,3,5,6,0
1851,CUST1858,2025-06-28,25,9,3156.57,1,3,4,4,1
1852,CUST1859,2025-06-06,47,4,408.33,4,3,8,4,0
1853,CUST1860,2025-06-19,34,7,2642.89,2,2,6,3,1
1854,CUST1861,2025-07-05,18,5,963.6,0,3,6,3,0
1855,CUST1862,2025-06-07,46,6,2056.24,4,2,7,1,4
1856,CUST1863,2025-05-28,56,8,1842.97,0,2,7,0,4
1857,CUST1864,2025-05-22,62,9,2110.6,2,3,4,8,1
1858,CUST1865,2025-06-17,36,5,1030.59,2,2,3,1,3
1859,CUST1866,2025-06-21,32,11,3124.6,0,3,6,1,1
1860,CUST1867,2025-05-27,57,5,1565.99,4,3,8,1,4
1861,CUST1868,2025-06-05,48,4,612.23,3,4,6,2,0
1862,CUST1869,2025-05-20,64,5,1432.96,4,1,6,1,4
1863,CUST1870,2025-07-08,15,8,1939.19,2,1,5,2,1
1864,CUST1871,2025-05-14,70,8,2667.6,4,3,4,3,1
1865,CUST1872,2025-05-29,55,3,1199.42,4,0,5,4,4
1866,CUST1873,2025-03-16,129,6,2287.85,0,1,9,2,2
1867,CUST1874,2025-05-24,60,3,402.94,1,4,6,4,0
1868,CUST1875,2025-05-16,68,3,856.04,3,1,9,4,4
1869,CUST1876,2025-05-14,70,4,884.4300000000001,3,1,9,2,4
1870,CUST1877,2025-06-23,30,8,2600.3199999999997,3,3,2,0,1
1871,CUST1878,2025-06-18,35,4,666.71,0,1,4,7,3
1872,CUST1879,2025-05-21,63,8,2623.94,3,0,7,2,4
1873,CUST1880,2025-05-21,63,4,906.48,0,1,0,5,3
1874,CUST1881,2025-07-07,16,5,1244.08,2,1,6,3,4
1875,CUST1882,2025-06-22,31,6,1535.58,0,0,5,3,3
1876,CUST1883,2025-07-06,17,3,844.34,0,0,7,6,4
1877,CUST1884,2025-05-18,66,6,1604.29,2,4,6,8,0
1878,CUST1885,2025-06-07,46,4,1230.67,4,2,5,1,4
1879,CUST1886,2025-06-09,44,6,1776.2,0,0,2,5,3
1880,CUST1887,2025-02-19,154,3,965.98,2,3,6,5,2
1881,CUST1888,2025-06-14,39,9,2460.16,4,1,7,1,1
1882,CUST1889,2025-04-29,85,3,294.69,3,3,5,6,2
1883,CUST1890,2025-06-02,51,8,2094.24,0,2,1,4,3
1884,CUST1891,2025-06-13,40,5,1252.98,0,1,2,2,3
1885,CUST1892,2025-06-30,23,9,2683.23,3,1,1,9,1
1886,CUST1893,2025-06-15,38,4,1142.32,1,2,9,0,4
1887,CUST1894,2025-06-27,26,6,1372.66,4,4,7,7,0
1888,CUST1895,2025-06-19,34,4,537.94,2,1,6,6,4
1889,CUST1896,2025-05-31,53,11,3180.35,2,1,6,9,1
1890,CUST1897,2025-06-17,36,4,1338.42,0,4,3,4,0
1891,CUST1898,2025-03-22,123,3,679.72,3,1,7,8,2
1892,CUST1899,2025-05-22,62,2,774.21,3,1,0,9,3
1893,CUST1900,2025-06-01,52,6,1500.5900000000001,0,4,0,6,0
1894,CUST1901,2025-05-10,74,3,551.85,2,1,0,3,3
1895,CUST1902,2025-05-07,77,5,1059.79,2,0,1,4,3
1896,CUST1903,2025-05-22,62,7,1813.5900000000001,0,3,2,2,0
1897,CUST1904,2025-03-17,128,1,25.86,0,3,7,3,2
1898,CUST1905,2025-04-28,86,4,1482.39,1,1,5,7,2
1899,CUST1906,2025-07-05,18,8,1880.74,4,1,7,1,4
1900,CUST1907,2025-06-07,46,9,2988.7799999999997,4,0,2,6,1
1901,CUST1908,2025-06-22,31,4,1186.15,1,2,9,5,4
1902,CUST1909,2025-05-21,63,4,1182.05,4,4,6,0,0
1903,CUST1910,2025-04-10,104,5,1175.47,4,0,6,8,2
1904,CUST1911,2025-07-07,16,7,1809.56,3,2,4,1,4
1905,CUST1912,2025-06-22,31,4,987.11,3,4,8,2,0
1906,CUST1913,2025-06-23,30,10,2359.45,0,0,6,4,1
1907,CUST1914,2025-06-05,48,7,1536.94,4,1,6,1,4
1908,CUST1915,2025-07-07,16,3,1035.0,1,2,4,9,3
1909,CUST1916,2025-04-15,99,4,1282.44,0,4,6,9,2
1910,CUST1917,2025-04-05,109,1,45.55,3,0,5,4,2
1911,CUST1918,2025-05-21,63,3,660.63,2,4,0,6,0
1912,CUST1919,2025-06-08,45,9,1847.37,4,2,4,4,1
1913,CUST1920,2025-04-20,94,4,967.65,3,2,6,0,2
1914,CUST1921,2025-06-25,28,6,1837.47,3,2,5,0,4
1915,CUST1922,2025-07-03,20,7,2049.66,1,3,9,8,1
1916,CUST1923,2025-07-01,22,2,617.47,0,3,2,2,0
1917,CUST1924,2025-05-13,71,4,898.17,0,4,0,5,0
1918,CUST1925,2025-03-23,122,5,857.1500000000001,1,3,8,5,2
1919,CUST1926,2025-06-23,30,5,1375.72,3,2,1,4,3
1920,CUST1927,2025-04-19,95,8,1600.6599999999999,3,1,4,7,2
1921,CUST1928,2025-04-26,88,3,642.53,4,1,3,1,2
1922,CUST1929,2025-05-31,53,8,2617.2,3,4,1,8,1
1923,CUST1930,2025-06-09,44,5,1000.16,3,0,1,3,3
1924,CUST1931,2025-06-28,25,5,2009.48,1,4,2,5,0
1925,CUST1932,2025-06-27,26,15,4533.66,1,3,1,8,1
1926,CUST1933,2025-06-29,24,7,810.4499999999999,0,1,3,7,3
1927,CUST1934,2025-06-20,33,5,1360.39,0,3,3,1,0
1928,CUST1935,2025-06-26,27,2,534.78,0,1,8,9,4
1929,CUST1936,2025-06-17,36,8,2048.91,2,1,8,4,4
1930,CUST1937,2025-06-28,25,6,2019.75,3,4,2,7,0
1931,CUST1938,2025-06-15,38,4,1286.25,1,0,1,4,3
1932,CUST1939,2025-06-11,42,4,1356.96,3,1,9,3,4
1933,CUST1940,2025-06-04,49,8,1781.72,2,0,7,2,4
1934,CUST1941,2025-06-18,35,6,2220.24,4,3,4,1,0
1935,CUST1942,2025-06-23,30,10,3178.64,1,3,3,0,1
1936,CUST1943,2025-06-06,47,7,1566.06,1,2,7,0,4
1937,CUST1944,2025-07-07,16,9,2783.37,4,3,4,1,1
1938,CUST1945,2025-06-30,23,11,3004.42,4,2,4,8,1
1939,CUST1946,2025-06-26,27,8,1761.5,4,3,2,7,0
1940,CUST1947,2025-06-28,25,3,803.46,3,0,4,6,3
1941,CUST1948,2025-05-14,70,6,1493.49,1,1,2,7,3
1942,CUST1949,2025-06-29,24,8,2035.04,2,2,1,6,1
1943,CUST1950,2025-05-22,62,6,1591.47,1,3,2,5,0
1944,CUST1951,2025-06-04,49,4,488.94,4,4,7,6,0
1945,CUST1952,2025-06-20,33,9,2913.57,0,0,1,1,1
1946,CUST1953,2025-04-09,105,4,1046.8,1,0,5,4,2
1947,CUST1954,2025-06-24,29,6,1704.13,3,4,1,4,0
1948,CUST1955,2025-02-24,149,3,974.34,1,4,9,8,2
1949,CUST1956,2025-07-01,22,3,627.85,4,4,4,1,0
1950,CUST1957,2025-06-28,25,11,2463.1,1,1,3,4,1
1951,CUST1958,2025-03-04,141,3,904.97,4,0,1,4,2
1952,CUST1959,2025-07-05,18,7,1962.95,1,2,1,9,3
1953,CUST1960,2025-07-07,16,8,2291.4700000000003,0,2,3,0,1
1954,CUST1961,2025-06-29,24,10,2359.27,3,0,5,3,1
1955,CUST1962,2025-06-13,40,9,1640.1000000000001,1,2,3,9,1
1956,CUST1963,2025-06-19,34,6,1972.61,1,0,5,1,4
1957,CUST1964,2025-07-04,19,6,1072.72,0,4,8,7,0
1958,CUST1965,2025-06-11,42,3,1119.6399999999999,2,2,6,1,4
1959,CUST1966,2025-06-21,32,6,2289.65,0,4,9,2,1
1960,CUST1967,2025-06-16,37,6,1878.63,3,2,2,1,3
1961,CUST1968,2025-04-27,87,6,1409.26,0,1,9,5,4
1962,CUST1969,2025-06-28,25,6,1307.46,1,4,3,5,0
1963,CUST1970,2025-06-11,42,3,1092.05,0,3,2,4,0
1964,CUST1971,2025-06-26,27,6,2300.14,2,4,1,5,0
1965,CUST1972,2025-06-11,42,7,1172.05,0,1,5,2,3
1966,CUST1973,2025-07-08,15,10,3387.5,2,3,2,1,1
1967,CUST1974,2025-06-23,30,8,2505.49,1,1,6,2,1
1968,CUST1975,2025-04-22,92,4,641.68,1,1,6,4,2
1969,CUST1976,2025-06-24,29,6,1206.64,3,4,0,6,0
1970,CUST1977,2025-07-04,19,9,1740.92,4,0,2,8,3
1971,CUST1978,2025-03-28,117,3,633.29,1,0,7,4,2
1972,CUST1979,2025-06-03,50,5,1329.02,3,4,1,7,0
1973,CUST1980,2025-07-06,17,12,3545.15,1,3,7,3,1
1974,CUST1981,2025-06-05,48,4,1487.71,1,3,6,3,0
1975,CUST1982,2025-07-04,19,7,1768.13,3,1,9,9,4
1976,CUST1983,2025-04-23,91,2,517.05,4,0,6,1,2
1977,CUST1984,2025-06-06,47,5,1405.31,0,1,1,3,3
1978,CUST1985,2025-06-22,31,4,1013.4000000000001,1,1,5,6,3
1979,CUST1986,2025-07-02,21,10,3224.6,0,1,8,2,1
1980,CUST1987,2025-07-07,16,9,2587.06,4,1,5,1,1
1981,CUST1988,2025-06-25,28,6,1140.97,1,2,3,2,3
1982,CUST1989,2025-07-05,18,8,2234.38,1,0,0,0,3
1983,CUST1990,2025-06-12,41,2,29.68,0,1,2,0,3
1984,CUST1991,2025-07-01,22,7,1616.98,2,0,8,9,4
1985,CUST1992,2025-06-18,35,7,2077.46,3,3,0,0,0
1986,CUST1993,2025-05-05,79,3,1062.9099999999999,1,1,6,0,2
1987,CUST1994,2025-07-08,15,5,1116.31,0,2,0,7,3
1988,CUST1995,2025-07-08,15,8,2835.19,4,0,1,6,1
1989,CUST1996,2025-07-06,17,11,3401.31,0,4,7,6,1
1990,CUST1997,2025-05-23,61,4,743.43,4,2,7,5,4
1991,CUST1998,2025-06-04,49,6,642.59,1,0,6,8,3
1992,CUST1999,2025-07-08,15,3,902.41,3,3,4,7,0
1993,CUST2000,2025-06-13,40,6,1069.2,4,0,1,7,3
